0,John Smith,Human,0,"['Pragmatic', 'Incompetent', 'Conservative']","(130, 65)",40,False,False,100,100
1,John Smith,Human,0,"['Schemer', 'Conservative', 'Reformist']","(130, 65)",48,False,False,100,100
2,John Smith,Human,0,"['Ambitious', 'Schemer', 'Content']","(107, 105)",26,False,False,100,100
3,John Smith,Human,0,"['Imperious', 'Egotistical', 'Incompetent']","(107, 105)",37,False,False,100,100
4,John Smith,Elf,0,"['Content', 'Conservative', 'Egotistical']","(246, 240)",29,False,False,100,100
5,John Smith,Elf,0,"['Competent', 'Egotistical', 'Competent']","(246, 240)",43,False,False,100,100
6,John Smith,Human,0,"['Imperious', 'Ambitious', 'Conservative']","(203, 73)",30,False,False,100,100
7,John Smith,Human,0,"['Incompetent', 'Competent', 'Pragmatic']","(203, 73)",62,False,False,100,100
8,John Smith,Draco,0,"['Imperious', 'Ambitious', 'Content']","(36, 174)",32,False,False,100,100
9,John Smith,Draco,0,"['Conservative', 'Ambitious', 'Imperious']","(36, 174)",44,False,False,100,100
10,John Smith,Human,0,"['Pragmatic', 'Pragmatic', 'Incompetent']","(142, 57)",29,False,False,100,100
11,John Smith,Human,0,"['Ambitious', 'Content', 'Incompetent']","(142, 57)",33,False,False,100,100
12,John Smith,Dwarf,0,"['Ambitious', 'Egotistical', 'Egotistical']","(44, 189)",34,False,False,100,100
13,John Smith,Dwarf,0,"['Reformist', 'Conservative', 'Ambitious']","(44, 189)",35,False,False,100,100
14,John Smith,Tyrani,0,"['Reformist', 'Pragmatic', 'Schemer']","(154, 153)",29,False,False,100,100
15,John Smith,Tyrani,0,"['Content', 'Egotistical', 'Conservative']","(154, 153)",58,False,False,100,100
16,John Smith,Fomoir,0,"['Pragmatic', 'Ambitious', 'Content']","(75, 174)",23,False,False,100,100
17,John Smith,Fomoir,0,"['Reformist', 'Egotistical', 'Pragmatic']","(75, 174)",34,False,False,100,100
18,John Smith,Fomoir,0,"['Content', 'Egotistical', 'Incompetent']","(158, 222)",31,False,False,100,100
19,John Smith,Fomoir,0,"['Conservative', 'Incompetent', 'Reformist']","(158, 222)",66,False,False,100,100
20,John Smith,Draco,0,"['Imperious', 'Conservative', 'Imperious']","(107, 33)",29,False,False,100,100
21,John Smith,Draco,0,"['Ambitious', 'Competent', 'Conservative']","(107, 33)",68,False,False,100,100
22,John Smith,Dwarf,0,"['Ambitious', 'Egotistical', 'Incompetent']","(66, 38)",30,False,False,100,100
23,John Smith,Dwarf,0,"['Pragmatic', 'Ambitious', 'Ambitious']","(66, 38)",41,False,False,100,100
24,John Smith,Fomoir,0,"['Conservative', 'Schemer', 'Schemer']","(160, 242)",34,False,False,100,100
25,John Smith,Fomoir,0,"['Reformist', 'Ambitious', 'Competent']","(160, 242)",58,False,False,100,100
26,John Smith,Draco,0,"['Pragmatic', 'Schemer', 'Ambitious']","(103, 124)",32,False,False,100,100
27,John Smith,Draco,0,"['Schemer', 'Pragmatic', 'Competent']","(103, 124)",66,False,False,100,100
28,John Smith,Draco,0,"['Imperious', 'Content', 'Pragmatic']","(240, 79)",25,False,False,100,100
29,John Smith,Draco,0,"['Schemer', 'Ambitious', 'Imperious']","(240, 79)",36,False,False,100,100
30,John Smith,Elf,0,"['Competent', 'Schemer', 'Schemer']","(114, 156)",28,False,False,100,100
31,John Smith,Elf,0,"['Competent', 'Competent', 'Ambitious']","(114, 156)",35,False,False,100,100
32,John Smith,Aquri,0,"['Egotistical', 'Schemer', 'Imperious']","(246, 191)",22,False,False,100,100
33,John Smith,Aquri,0,"['Ambitious', 'Ambitious', 'Schemer']","(246, 191)",35,False,False,100,100
34,John Smith,Aquri,0,"['Competent', 'Competent', 'Competent']","(34, 243)",36,False,False,100,100
35,John Smith,Aquri,0,"['Ambitious', 'Ambitious', 'Content']","(34, 243)",45,False,False,100,100
36,John Smith,Draco,0,"['Incompetent', 'Conservative', 'Reformist']","(112, 22)",28,False,False,100,100
37,John Smith,Draco,0,"['Schemer', 'Reformist', 'Imperious']","(112, 22)",58,False,False,100,100
38,John Smith,Tyrani,0,"['Egotistical', 'Ambitious', 'Schemer']","(235, 155)",25,False,False,100,100
39,John Smith,Tyrani,0,"['Competent', 'Egotistical', 'Competent']","(235, 155)",36,False,False,100,100
40,John Smith,Human,0,"['Schemer', 'Pragmatic', 'Competent']","(147, 247)",30,False,False,100,100
41,John Smith,Human,0,"['Conservative', 'Conservative', 'Reformist']","(147, 247)",37,False,False,100,100
42,John Smith,Tyrani,0,"['Egotistical', 'Schemer', 'Imperious']","(29, 239)",26,False,False,100,100
43,John Smith,Tyrani,0,"['Pragmatic', 'Schemer', 'Egotistical']","(29, 239)",70,False,False,100,100
44,John Smith,Tyrani,0,"['Imperious', 'Imperious', 'Schemer']","(204, 140)",35,False,False,100,100
45,John Smith,Tyrani,0,"['Competent', 'Content', 'Ambitious']","(204, 140)",45,False,False,100,100
46,John Smith,Aquri,0,"['Ambitious', 'Imperious', 'Schemer']","(86, 71)",21,False,False,100,100
47,John Smith,Aquri,0,"['Egotistical', 'Incompetent', 'Imperious']","(86, 71)",54,False,False,100,100
48,John Smith,Dwarf,0,"['Pragmatic', 'Competent', 'Imperious']","(235, 145)",22,False,False,100,100
49,John Smith,Dwarf,0,"['Incompetent', 'Imperious', 'Competent']","(235, 145)",64,False,False,100,100
50,John Smith,Human,0,"['Incompetent', 'Egotistical', 'Pragmatic']","(119, 43)",25,False,False,100,100
51,John Smith,Human,0,"['Conservative', 'Schemer', 'Imperious']","(119, 43)",46,False,False,100,100
52,John Smith,Draco,0,"['Ambitious', 'Egotistical', 'Conservative']","(198, 68)",27,False,False,100,100
53,John Smith,Draco,0,"['Imperious', 'Content', 'Conservative']","(198, 68)",59,False,False,100,100
54,John Smith,Aquri,0,"['Incompetent', 'Conservative', 'Pragmatic']","(114, 131)",30,False,False,100,100
55,John Smith,Aquri,0,"['Schemer', 'Schemer', 'Content']","(114, 131)",44,False,False,100,100
56,John Smith,Draco,0,"['Egotistical', 'Conservative', 'Egotistical']","(35, 45)",27,False,False,100,100
57,John Smith,Draco,0,"['Ambitious', 'Incompetent', 'Egotistical']","(35, 45)",55,False,False,100,100
58,John Smith,Elf,0,"['Egotistical', 'Conservative', 'Reformist']","(7, 217)",29,False,False,100,100
59,John Smith,Elf,0,"['Content', 'Pragmatic', 'Schemer']","(7, 217)",70,False,False,100,100
60,John Smith,Draco,0,"['Pragmatic', 'Ambitious', 'Conservative']","(147, 157)",31,False,False,100,100
61,John Smith,Draco,0,"['Competent', 'Pragmatic', 'Conservative']","(147, 157)",47,False,False,100,100
62,John Smith,Dwarf,0,"['Egotistical', 'Imperious', 'Content']","(41, 229)",40,False,False,100,100
63,John Smith,Dwarf,0,"['Imperious', 'Imperious', 'Imperious']","(41, 229)",52,False,False,100,100
64,John Smith,Tyrani,0,"['Reformist', 'Competent', 'Imperious']","(188, 12)",39,False,False,100,100
65,John Smith,Tyrani,0,"['Competent', 'Pragmatic', 'Reformist']","(188, 12)",51,False,False,100,100
66,John Smith,Aquri,0,"['Egotistical', 'Ambitious', 'Incompetent']","(7, 59)",39,False,False,100,100
67,John Smith,Aquri,0,"['Competent', 'Reformist', 'Schemer']","(7, 59)",43,False,False,100,100
68,John Smith,Fomoir,0,"['Content', 'Conservative', 'Imperious']","(146, 44)",26,False,False,100,100
69,John Smith,Fomoir,0,"['Content', 'Egotistical', 'Conservative']","(146, 44)",50,False,False,100,100
70,John Smith,Aquri,0,"['Incompetent', 'Egotistical', 'Competent']","(128, 156)",36,False,False,100,100
71,John Smith,Aquri,0,"['Imperious', 'Reformist', 'Pragmatic']","(128, 156)",39,False,False,100,100
72,John Smith,Dwarf,0,"['Pragmatic', 'Pragmatic', 'Content']","(25, 128)",25,False,False,100,100
73,John Smith,Dwarf,0,"['Egotistical', 'Pragmatic', 'Pragmatic']","(25, 128)",49,False,False,100,100
74,John Smith,Human,0,"['Schemer', 'Conservative', 'Content']","(13, 229)",41,False,False,100,100
75,John Smith,Human,0,"['Ambitious', 'Pragmatic', 'Incompetent']","(13, 229)",50,False,False,100,100
76,John Smith,Draco,0,"['Egotistical', 'Reformist', 'Incompetent']","(95, 23)",38,False,False,100,100
77,John Smith,Draco,0,"['Egotistical', 'Conservative', 'Content']","(95, 23)",62,False,False,100,100
78,John Smith,Fomoir,0,"['Ambitious', 'Conservative', 'Egotistical']","(244, 103)",22,False,False,100,100
79,John Smith,Fomoir,0,"['Reformist', 'Ambitious', 'Imperious']","(244, 103)",54,False,False,100,100
80,John Smith,Aquri,0,"['Egotistical', 'Reformist', 'Pragmatic']","(216, 49)",35,False,False,100,100
81,John Smith,Aquri,0,"['Ambitious', 'Pragmatic', 'Pragmatic']","(216, 49)",47,False,False,100,100
82,John Smith,Dwarf,0,"['Reformist', 'Conservative', 'Imperious']","(67, 114)",26,False,False,100,100
83,John Smith,Dwarf,0,"['Conservative', 'Schemer', 'Schemer']","(67, 114)",70,False,False,100,100
84,John Smith,Human,0,"['Imperious', 'Reformist', 'Imperious']","(249, 189)",28,False,False,100,100
85,John Smith,Human,0,"['Competent', 'Pragmatic', 'Reformist']","(249, 189)",44,False,False,100,100
86,John Smith,Draco,0,"['Incompetent', 'Incompetent', 'Ambitious']","(34, 131)",39,False,False,100,100
87,John Smith,Draco,0,"['Ambitious', 'Schemer', 'Pragmatic']","(34, 131)",35,False,False,100,100
88,John Smith,Human,0,"['Incompetent', 'Content', 'Incompetent']","(175, 56)",39,False,False,100,100
89,John Smith,Human,0,"['Schemer', 'Conservative', 'Egotistical']","(175, 56)",32,False,False,100,100
90,John Smith,Human,0,"['Pragmatic', 'Egotistical', 'Reformist']","(29, 137)",38,False,False,100,100
91,John Smith,Human,0,"['Competent', 'Pragmatic', 'Content']","(29, 137)",48,False,False,100,100
92,John Smith,Fomoir,0,"['Schemer', 'Content', 'Pragmatic']","(75, 231)",36,False,False,100,100
93,John Smith,Fomoir,0,"['Imperious', 'Content', 'Reformist']","(75, 231)",39,False,False,100,100
94,John Smith,Dwarf,0,"['Egotistical', 'Pragmatic', 'Pragmatic']","(229, 211)",41,False,False,100,100
95,John Smith,Dwarf,0,"['Competent', 'Incompetent', 'Egotistical']","(229, 211)",36,False,False,100,100
96,John Smith,Dwarf,0,"['Schemer', 'Competent', 'Ambitious']","(61, 74)",21,False,False,100,100
97,John Smith,Dwarf,0,"['Incompetent', 'Reformist', 'Conservative']","(61, 74)",60,False,False,100,100
98,John Smith,Fomoir,0,"['Competent', 'Egotistical', 'Competent']","(207, 142)",41,False,False,100,100
99,John Smith,Fomoir,0,"['Content', 'Pragmatic', 'Egotistical']","(207, 142)",68,False,False,100,100
100,John Smith,Aquri,0,"['Egotistical', 'Conservative', 'Content']","(105, 76)",37,False,False,100,100
101,John Smith,Aquri,0,"['Competent', 'Ambitious', 'Schemer']","(105, 76)",48,False,False,100,100
102,John Smith,Elf,0,"['Egotistical', 'Content', 'Conservative']","(37, 100)",36,False,False,100,100
103,John Smith,Elf,0,"['Reformist', 'Schemer', 'Imperious']","(37, 100)",50,False,False,100,100
104,John Smith,Aquri,0,"['Competent', 'Competent', 'Competent']","(51, 81)",37,False,False,100,100
105,John Smith,Aquri,0,"['Egotistical', 'Incompetent', 'Pragmatic']","(51, 81)",66,False,False,100,100
106,John Smith,Elf,0,"['Imperious', 'Conservative', 'Incompetent']","(66, 103)",36,False,False,100,100
107,John Smith,Elf,0,"['Conservative', 'Pragmatic', 'Reformist']","(66, 103)",69,False,False,100,100
108,John Smith,Human,0,"['Incompetent', 'Content', 'Schemer']","(117, 156)",36,False,False,100,100
109,John Smith,Human,0,"['Conservative', 'Conservative', 'Imperious']","(117, 156)",68,False,False,100,100
110,John Smith,Dwarf,0,"['Conservative', 'Ambitious', 'Schemer']","(100, 20)",31,False,False,100,100
111,John Smith,Dwarf,0,"['Pragmatic', 'Incompetent', 'Ambitious']","(100, 20)",47,False,False,100,100
112,John Smith,Dwarf,0,"['Pragmatic', 'Ambitious', 'Pragmatic']","(115, 65)",27,False,False,100,100
113,John Smith,Dwarf,0,"['Conservative', 'Incompetent', 'Reformist']","(115, 65)",35,False,False,100,100
114,John Smith,Dwarf,0,"['Pragmatic', 'Content', 'Competent']","(103, 145)",37,False,False,100,100
115,John Smith,Dwarf,0,"['Egotistical', 'Egotistical', 'Schemer']","(103, 145)",63,False,False,100,100
116,John Smith,Dwarf,0,"['Imperious', 'Competent', 'Incompetent']","(129, 6)",31,False,False,100,100
117,John Smith,Dwarf,0,"['Schemer', 'Egotistical', 'Reformist']","(129, 6)",63,False,False,100,100
118,John Smith,Dwarf,0,"['Egotistical', 'Pragmatic', 'Content']","(72, 200)",21,False,False,100,100
119,John Smith,Dwarf,0,"['Imperious', 'Egotistical', 'Egotistical']","(72, 200)",58,False,False,100,100
120,John Smith,Human,0,"['Conservative', 'Content', 'Egotistical']","(53, 209)",37,False,False,100,100
121,John Smith,Human,0,"['Schemer', 'Incompetent', 'Reformist']","(53, 209)",44,False,False,100,100
122,John Smith,Elf,0,"['Egotistical', 'Schemer', 'Schemer']","(47, 90)",28,False,False,100,100
123,John Smith,Elf,0,"['Incompetent', 'Conservative', 'Ambitious']","(47, 90)",57,False,False,100,100
124,John Smith,Dwarf,0,"['Egotistical', 'Reformist', 'Competent']","(49, 210)",41,False,False,100,100
125,John Smith,Dwarf,0,"['Schemer', 'Imperious', 'Imperious']","(49, 210)",53,False,False,100,100
126,John Smith,Fomoir,0,"['Incompetent', 'Schemer', 'Conservative']","(98, 237)",22,False,False,100,100
127,John Smith,Fomoir,0,"['Conservative', 'Schemer', 'Egotistical']","(98, 237)",39,False,False,100,100
128,John Smith,Aquri,0,"['Competent', 'Pragmatic', 'Imperious']","(72, 138)",33,False,False,100,100
129,John Smith,Aquri,0,"['Schemer', 'Content', 'Content']","(72, 138)",35,False,False,100,100
130,John Smith,Fomoir,0,"['Reformist', 'Imperious', 'Incompetent']","(35, 107)",41,False,False,100,100
131,John Smith,Fomoir,0,"['Imperious', 'Incompetent', 'Pragmatic']","(35, 107)",31,False,False,100,100
132,John Smith,Draco,0,"['Ambitious', 'Egotistical', 'Ambitious']","(204, 179)",31,False,False,100,100
133,John Smith,Draco,0,"['Egotistical', 'Reformist', 'Reformist']","(204, 179)",51,False,False,100,100
134,John Smith,Aquri,0,"['Ambitious', 'Content', 'Content']","(109, 210)",33,False,False,100,100
135,John Smith,Aquri,0,"['Schemer', 'Imperious', 'Incompetent']","(109, 210)",59,False,False,100,100
136,John Smith,Draco,0,"['Pragmatic', 'Reformist', 'Reformist']","(161, 60)",34,False,False,100,100
137,John Smith,Draco,0,"['Content', 'Egotistical', 'Ambitious']","(161, 60)",67,False,False,100,100
138,John Smith,Aquri,0,"['Content', 'Incompetent', 'Egotistical']","(49, 69)",26,False,False,100,100
139,John Smith,Aquri,0,"['Reformist', 'Conservative', 'Content']","(49, 69)",42,False,False,100,100
140,John Smith,Tyrani,0,"['Schemer', 'Schemer', 'Conservative']","(172, 249)",40,False,False,100,100
141,John Smith,Tyrani,0,"['Reformist', 'Reformist', 'Competent']","(172, 249)",34,False,False,100,100
142,John Smith,Elf,0,"['Competent', 'Content', 'Pragmatic']","(92, 8)",40,False,False,100,100
143,John Smith,Elf,0,"['Competent', 'Conservative', 'Reformist']","(92, 8)",43,False,False,100,100
144,John Smith,Aquri,0,"['Incompetent', 'Imperious', 'Schemer']","(246, 185)",37,False,False,100,100
145,John Smith,Aquri,0,"['Schemer', 'Incompetent', 'Imperious']","(246, 185)",49,False,False,100,100
146,John Smith,Aquri,0,"['Egotistical', 'Content', 'Content']","(231, 196)",22,False,False,100,100
147,John Smith,Aquri,0,"['Ambitious', 'Conservative', 'Content']","(231, 196)",49,False,False,100,100
148,John Smith,Human,0,"['Conservative', 'Schemer', 'Conservative']","(129, 12)",32,False,False,100,100
149,John Smith,Human,0,"['Schemer', 'Ambitious', 'Ambitious']","(129, 12)",58,False,False,100,100
150,John Smith,Fomoir,0,"['Conservative', 'Ambitious', 'Egotistical']","(122, 229)",22,False,False,100,100
151,John Smith,Fomoir,0,"['Incompetent', 'Imperious', 'Egotistical']","(122, 229)",40,False,False,100,100
152,John Smith,Draco,0,"['Incompetent', 'Reformist', 'Egotistical']","(217, 244)",29,False,False,100,100
153,John Smith,Draco,0,"['Content', 'Conservative', 'Pragmatic']","(217, 244)",36,False,False,100,100
154,John Smith,Tyrani,0,"['Pragmatic', 'Incompetent', 'Reformist']","(68, 12)",23,False,False,100,100
155,John Smith,Tyrani,0,"['Incompetent', 'Incompetent', 'Imperious']","(68, 12)",70,False,False,100,100
156,John Smith,Fomoir,0,"['Schemer', 'Competent', 'Incompetent']","(205, 203)",26,False,False,100,100
157,John Smith,Fomoir,0,"['Content', 'Competent', 'Conservative']","(205, 203)",47,False,False,100,100
158,John Smith,Elf,0,"['Incompetent', 'Incompetent', 'Imperious']","(122, 125)",24,False,False,100,100
159,John Smith,Elf,0,"['Egotistical', 'Pragmatic', 'Incompetent']","(122, 125)",69,False,False,100,100
160,John Smith,Human,0,"['Pragmatic', 'Incompetent', 'Imperious']","(14, 198)",26,False,False,100,100
161,John Smith,Human,0,"['Egotistical', 'Ambitious', 'Schemer']","(14, 198)",47,False,False,100,100
162,John Smith,Human,0,"['Conservative', 'Competent', 'Schemer']","(198, 149)",21,False,False,100,100
163,John Smith,Human,0,"['Reformist', 'Ambitious', 'Conservative']","(198, 149)",64,False,False,100,100
164,John Smith,Fomoir,0,"['Conservative', 'Reformist', 'Conservative']","(143, 29)",24,False,False,100,100
165,John Smith,Fomoir,0,"['Egotistical', 'Imperious', 'Schemer']","(143, 29)",57,False,False,100,100
166,John Smith,Elf,0,"['Pragmatic', 'Imperious', 'Conservative']","(171, 133)",21,False,False,100,100
167,John Smith,Elf,0,"['Reformist', 'Content', 'Schemer']","(171, 133)",33,False,False,100,100
168,John Smith,Draco,0,"['Competent', 'Content', 'Egotistical']","(99, 74)",29,False,False,100,100
169,John Smith,Draco,0,"['Egotistical', 'Conservative', 'Imperious']","(99, 74)",56,False,False,100,100
170,John Smith,Dwarf,0,"['Imperious', 'Pragmatic', 'Content']","(67, 71)",29,False,False,100,100
171,John Smith,Dwarf,0,"['Imperious', 'Incompetent', 'Conservative']","(67, 71)",60,False,False,100,100
172,John Smith,Tyrani,0,"['Pragmatic', 'Pragmatic', 'Content']","(117, 68)",37,False,False,100,100
173,John Smith,Tyrani,0,"['Conservative', 'Ambitious', 'Competent']","(117, 68)",46,False,False,100,100
174,John Smith,Tyrani,0,"['Pragmatic', 'Schemer', 'Pragmatic']","(112, 198)",25,False,False,100,100
175,John Smith,Tyrani,0,"['Ambitious', 'Content', 'Egotistical']","(112, 198)",35,False,False,100,100
176,John Smith,Elf,0,"['Reformist', 'Pragmatic', 'Reformist']","(107, 246)",41,False,False,100,100
177,John Smith,Elf,0,"['Incompetent', 'Pragmatic', 'Schemer']","(107, 246)",44,False,False,100,100
178,John Smith,Human,0,"['Egotistical', 'Imperious', 'Conservative']","(49, 210)",23,False,False,100,100
179,John Smith,Human,0,"['Content', 'Reformist', 'Imperious']","(49, 210)",59,False,False,100,100
180,John Smith,Draco,0,"['Incompetent', 'Content', 'Schemer']","(49, 76)",27,False,False,100,100
181,John Smith,Draco,0,"['Competent', 'Egotistical', 'Imperious']","(49, 76)",59,False,False,100,100
182,John Smith,Draco,0,"['Conservative', 'Ambitious', 'Ambitious']","(119, 51)",32,False,False,100,100
183,John Smith,Draco,0,"['Schemer', 'Schemer', 'Egotistical']","(119, 51)",46,False,False,100,100
184,John Smith,Draco,0,"['Ambitious', 'Competent', 'Schemer']","(5, 46)",40,False,False,100,100
185,John Smith,Draco,0,"['Content', 'Reformist', 'Egotistical']","(5, 46)",56,False,False,100,100
186,John Smith,Tyrani,0,"['Reformist', 'Imperious', 'Reformist']","(223, 47)",32,False,False,100,100
187,John Smith,Tyrani,0,"['Reformist', 'Competent', 'Competent']","(223, 47)",50,False,False,100,100
188,John Smith,Draco,0,"['Incompetent', 'Incompetent', 'Schemer']","(114, 107)",37,False,False,100,100
189,John Smith,Draco,0,"['Content', 'Schemer', 'Ambitious']","(114, 107)",39,False,False,100,100
190,John Smith,Fomoir,0,"['Conservative', 'Competent', 'Reformist']","(242, 132)",37,False,False,100,100
191,John Smith,Fomoir,0,"['Imperious', 'Imperious', 'Egotistical']","(242, 132)",68,False,False,100,100
192,John Smith,Dwarf,0,"['Pragmatic', 'Ambitious', 'Schemer']","(238, 172)",29,False,False,100,100
193,John Smith,Dwarf,0,"['Egotistical', 'Reformist', 'Content']","(238, 172)",69,False,False,100,100
194,John Smith,Tyrani,0,"['Competent', 'Egotistical', 'Reformist']","(57, 97)",41,False,False,100,100
195,John Smith,Tyrani,0,"['Content', 'Imperious', 'Incompetent']","(57, 97)",46,False,False,100,100
196,John Smith,Dwarf,0,"['Conservative', 'Competent', 'Reformist']","(236, 118)",27,False,False,100,100
197,John Smith,Dwarf,0,"['Conservative', 'Incompetent', 'Competent']","(236, 118)",62,False,False,100,100
198,John Smith,Fomoir,0,"['Reformist', 'Competent', 'Reformist']","(223, 4)",41,False,False,100,100
199,John Smith,Fomoir,0,"['Competent', 'Egotistical', 'Reformist']","(223, 4)",67,False,False,100,100
200,John Smith,Draco,0,"['Reformist', 'Conservative', 'Schemer']","(78, 40)",39,False,False,100,100
201,John Smith,Draco,0,"['Reformist', 'Content', 'Content']","(78, 40)",33,False,False,100,100
202,John Smith,Dwarf,0,"['Conservative', 'Schemer', 'Incompetent']","(164, 105)",22,False,False,100,100
203,John Smith,Dwarf,0,"['Ambitious', 'Content', 'Egotistical']","(164, 105)",39,False,False,100,100
204,John Smith,Draco,0,"['Schemer', 'Ambitious', 'Pragmatic']","(150, 140)",34,False,False,100,100
205,John Smith,Draco,0,"['Pragmatic', 'Content', 'Ambitious']","(150, 140)",46,False,False,100,100
206,John Smith,Dwarf,0,"['Content', 'Ambitious', 'Incompetent']","(223, 190)",24,False,False,100,100
207,John Smith,Dwarf,0,"['Schemer', 'Reformist', 'Ambitious']","(223, 190)",71,False,False,100,100
208,John Smith,Aquri,0,"['Pragmatic', 'Competent', 'Content']","(112, 52)",36,False,False,100,100
209,John Smith,Aquri,0,"['Content', 'Conservative', 'Conservative']","(112, 52)",39,False,False,100,100
210,John Smith,Tyrani,0,"['Imperious', 'Schemer', 'Incompetent']","(173, 106)",39,False,False,100,100
211,John Smith,Tyrani,0,"['Incompetent', 'Ambitious', 'Schemer']","(173, 106)",56,False,False,100,100
212,John Smith,Elf,0,"['Ambitious', 'Conservative', 'Ambitious']","(204, 54)",25,False,False,100,100
213,John Smith,Elf,0,"['Competent', 'Ambitious', 'Ambitious']","(204, 54)",31,False,False,100,100
214,John Smith,Elf,0,"['Competent', 'Incompetent', 'Ambitious']","(127, 52)",37,False,False,100,100
215,John Smith,Elf,0,"['Egotistical', 'Schemer', 'Pragmatic']","(127, 52)",66,False,False,100,100
216,John Smith,Elf,0,"['Content', 'Reformist', 'Schemer']","(166, 98)",33,False,False,100,100
217,John Smith,Elf,0,"['Egotistical', 'Reformist', 'Egotistical']","(166, 98)",60,False,False,100,100
218,John Smith,Draco,0,"['Schemer', 'Reformist', 'Conservative']","(173, 89)",24,False,False,100,100
219,John Smith,Draco,0,"['Ambitious', 'Competent', 'Schemer']","(173, 89)",50,False,False,100,100
220,John Smith,Human,0,"['Egotistical', 'Imperious', 'Schemer']","(246, 199)",35,False,False,100,100
221,John Smith,Human,0,"['Conservative', 'Egotistical', 'Reformist']","(246, 199)",46,False,False,100,100
222,John Smith,Fomoir,0,"['Competent', 'Conservative', 'Conservative']","(8, 180)",29,False,False,100,100
223,John Smith,Fomoir,0,"['Competent', 'Content', 'Pragmatic']","(8, 180)",65,False,False,100,100
224,John Smith,Fomoir,0,"['Incompetent', 'Egotistical', 'Incompetent']","(3, 223)",26,False,False,100,100
225,John Smith,Fomoir,0,"['Competent', 'Content', 'Reformist']","(3, 223)",45,False,False,100,100
226,John Smith,Elf,0,"['Egotistical', 'Pragmatic', 'Reformist']","(14, 67)",32,False,False,100,100
227,John Smith,Elf,0,"['Imperious', 'Schemer', 'Content']","(14, 67)",40,False,False,100,100
228,John Smith,Draco,0,"['Incompetent', 'Pragmatic', 'Pragmatic']","(244, 220)",28,False,False,100,100
229,John Smith,Draco,0,"['Schemer', 'Imperious', 'Schemer']","(244, 220)",36,False,False,100,100
230,John Smith,Aquri,0,"['Reformist', 'Egotistical', 'Conservative']","(234, 18)",21,False,False,100,100
231,John Smith,Aquri,0,"['Competent', 'Pragmatic', 'Pragmatic']","(234, 18)",65,False,False,100,100
232,John Smith,Draco,0,"['Competent', 'Conservative', 'Egotistical']","(85, 165)",24,False,False,100,100
233,John Smith,Draco,0,"['Imperious', 'Reformist', 'Egotistical']","(85, 165)",54,False,False,100,100
234,John Smith,Elf,0,"['Ambitious', 'Reformist', 'Schemer']","(214, 107)",38,False,False,100,100
235,John Smith,Elf,0,"['Incompetent', 'Schemer', 'Reformist']","(214, 107)",42,False,False,100,100
236,John Smith,Elf,0,"['Reformist', 'Competent', 'Imperious']","(207, 83)",32,False,False,100,100
237,John Smith,Elf,0,"['Conservative', 'Content', 'Imperious']","(207, 83)",60,False,False,100,100
238,John Smith,Draco,0,"['Reformist', 'Schemer', 'Egotistical']","(72, 172)",30,False,False,100,100
239,John Smith,Draco,0,"['Content', 'Incompetent', 'Egotistical']","(72, 172)",68,False,False,100,100
240,John Smith,Draco,0,"['Content', 'Imperious', 'Content']","(80, 237)",23,False,False,100,100
241,John Smith,Draco,0,"['Egotistical', 'Imperious', 'Competent']","(80, 237)",67,False,False,100,100
242,John Smith,Fomoir,0,"['Incompetent', 'Incompetent', 'Pragmatic']","(41, 248)",38,False,False,100,100
243,John Smith,Fomoir,0,"['Egotistical', 'Ambitious', 'Schemer']","(41, 248)",48,False,False,100,100
244,John Smith,Elf,0,"['Content', 'Schemer', 'Reformist']","(196, 97)",37,False,False,100,100
245,John Smith,Elf,0,"['Pragmatic', 'Ambitious', 'Incompetent']","(196, 97)",67,False,False,100,100
246,John Smith,Tyrani,0,"['Schemer', 'Reformist', 'Pragmatic']","(217, 160)",22,False,False,100,100
247,John Smith,Tyrani,0,"['Conservative', 'Conservative', 'Pragmatic']","(217, 160)",42,False,False,100,100
248,John Smith,Elf,0,"['Imperious', 'Content', 'Imperious']","(165, 191)",34,False,False,100,100
249,John Smith,Elf,0,"['Content', 'Imperious', 'Ambitious']","(165, 191)",34,False,False,100,100
250,John Smith,Dwarf,0,"['Schemer', 'Content', 'Imperious']","(117, 142)",35,False,False,100,100
251,John Smith,Dwarf,0,"['Egotistical', 'Reformist', 'Pragmatic']","(117, 142)",45,False,False,100,100
252,John Smith,Aquri,0,"['Competent', 'Egotistical', 'Content']","(172, 8)",38,False,False,100,100
253,John Smith,Aquri,0,"['Pragmatic', 'Imperious', 'Competent']","(172, 8)",35,False,False,100,100
254,John Smith,Fomoir,0,"['Ambitious', 'Imperious', 'Pragmatic']","(92, 155)",36,False,False,100,100
255,John Smith,Fomoir,0,"['Competent', 'Schemer', 'Schemer']","(92, 155)",35,False,False,100,100
256,John Smith,Draco,0,"['Incompetent', 'Imperious', 'Egotistical']","(247, 137)",32,False,False,100,100
257,John Smith,Draco,0,"['Egotistical', 'Imperious', 'Reformist']","(247, 137)",35,False,False,100,100
258,John Smith,Tyrani,0,"['Schemer', 'Schemer', 'Schemer']","(122, 165)",24,False,False,100,100
259,John Smith,Tyrani,0,"['Imperious', 'Imperious', 'Competent']","(122, 165)",61,False,False,100,100
260,John Smith,Human,0,"['Incompetent', 'Pragmatic', 'Competent']","(212, 130)",23,False,False,100,100
261,John Smith,Human,0,"['Competent', 'Competent', 'Incompetent']","(212, 130)",63,False,False,100,100
262,John Smith,Draco,0,"['Ambitious', 'Competent', 'Egotistical']","(136, 50)",22,False,False,100,100
263,John Smith,Draco,0,"['Imperious', 'Competent', 'Content']","(136, 50)",39,False,False,100,100
264,John Smith,Draco,0,"['Imperious', 'Egotistical', 'Imperious']","(139, 147)",26,False,False,100,100
265,John Smith,Draco,0,"['Reformist', 'Ambitious', 'Imperious']","(139, 147)",67,False,False,100,100
266,John Smith,Elf,0,"['Pragmatic', 'Competent', 'Imperious']","(183, 215)",29,False,False,100,100
267,John Smith,Elf,0,"['Conservative', 'Reformist', 'Pragmatic']","(183, 215)",69,False,False,100,100
268,John Smith,Dwarf,0,"['Conservative', 'Ambitious', 'Incompetent']","(105, 235)",26,False,False,100,100
269,John Smith,Dwarf,0,"['Schemer', 'Schemer', 'Egotistical']","(105, 235)",55,False,False,100,100
270,John Smith,Tyrani,0,"['Ambitious', 'Egotistical', 'Egotistical']","(219, 23)",30,False,False,100,100
271,John Smith,Tyrani,0,"['Egotistical', 'Schemer', 'Incompetent']","(219, 23)",68,False,False,100,100
272,John Smith,Aquri,0,"['Pragmatic', 'Conservative', 'Pragmatic']","(104, 141)",37,False,False,100,100
273,John Smith,Aquri,0,"['Incompetent', 'Competent', 'Competent']","(104, 141)",43,False,False,100,100
274,John Smith,Draco,0,"['Conservative', 'Conservative', 'Schemer']","(210, 57)",27,False,False,100,100
275,John Smith,Draco,0,"['Pragmatic', 'Ambitious', 'Incompetent']","(210, 57)",59,False,False,100,100
276,John Smith,Elf,0,"['Reformist', 'Incompetent', 'Schemer']","(84, 74)",31,False,False,100,100
277,John Smith,Elf,0,"['Schemer', 'Schemer', 'Content']","(84, 74)",48,False,False,100,100
278,John Smith,Aquri,0,"['Ambitious', 'Content', 'Content']","(114, 160)",22,False,False,100,100
279,John Smith,Aquri,0,"['Conservative', 'Reformist', 'Incompetent']","(114, 160)",52,False,False,100,100
280,John Smith,Elf,0,"['Conservative', 'Egotistical', 'Conservative']","(219, 60)",32,False,False,100,100
281,John Smith,Elf,0,"['Competent', 'Competent', 'Conservative']","(219, 60)",56,False,False,100,100
282,John Smith,Draco,0,"['Schemer', 'Content', 'Reformist']","(24, 160)",39,False,False,100,100
283,John Smith,Draco,0,"['Imperious', 'Incompetent', 'Egotistical']","(24, 160)",61,False,False,100,100
284,John Smith,Elf,0,"['Reformist', 'Conservative', 'Ambitious']","(203, 89)",32,False,False,100,100
285,John Smith,Elf,0,"['Competent', 'Incompetent', 'Content']","(203, 89)",59,False,False,100,100
286,John Smith,Fomoir,0,"['Competent', 'Content', 'Imperious']","(233, 28)",38,False,False,100,100
287,John Smith,Fomoir,0,"['Schemer', 'Pragmatic', 'Pragmatic']","(233, 28)",47,False,False,100,100
288,John Smith,Fomoir,0,"['Incompetent', 'Incompetent', 'Schemer']","(220, 130)",40,False,False,100,100
289,John Smith,Fomoir,0,"['Content', 'Pragmatic', 'Reformist']","(220, 130)",32,False,False,100,100
290,John Smith,Fomoir,0,"['Pragmatic', 'Ambitious', 'Reformist']","(181, 117)",36,False,False,100,100
291,John Smith,Fomoir,0,"['Schemer', 'Conservative', 'Content']","(181, 117)",54,False,False,100,100
292,John Smith,Human,0,"['Reformist', 'Imperious', 'Pragmatic']","(120, 221)",32,False,False,100,100
293,John Smith,Human,0,"['Schemer', 'Competent', 'Egotistical']","(120, 221)",33,False,False,100,100
294,John Smith,Elf,0,"['Egotistical', 'Egotistical', 'Schemer']","(90, 140)",21,False,False,100,100
295,John Smith,Elf,0,"['Reformist', 'Incompetent', 'Egotistical']","(90, 140)",63,False,False,100,100
296,John Smith,Tyrani,0,"['Content', 'Conservative', 'Schemer']","(2, 227)",33,False,False,100,100
297,John Smith,Tyrani,0,"['Incompetent', 'Content', 'Incompetent']","(2, 227)",39,False,False,100,100
298,John Smith,Draco,0,"['Conservative', 'Reformist', 'Pragmatic']","(59, 96)",31,False,False,100,100
299,John Smith,Draco,0,"['Egotistical', 'Schemer', 'Ambitious']","(59, 96)",48,False,False,100,100
300,John Smith,Draco,0,"['Reformist', 'Ambitious', 'Conservative']","(170, 154)",21,False,False,100,100
301,John Smith,Draco,0,"['Content', 'Incompetent', 'Egotistical']","(170, 154)",42,False,False,100,100
302,John Smith,Draco,0,"['Schemer', 'Conservative', 'Conservative']","(208, 200)",30,False,False,100,100
303,John Smith,Draco,0,"['Reformist', 'Conservative', 'Egotistical']","(208, 200)",62,False,False,100,100
304,John Smith,Elf,0,"['Ambitious', 'Competent', 'Reformist']","(217, 12)",34,False,False,100,100
305,John Smith,Elf,0,"['Competent', 'Reformist', 'Pragmatic']","(217, 12)",46,False,False,100,100
306,John Smith,Human,0,"['Incompetent', 'Competent', 'Schemer']","(224, 65)",33,False,False,100,100
307,John Smith,Human,0,"['Competent', 'Content', 'Competent']","(224, 65)",34,False,False,100,100
308,John Smith,Aquri,0,"['Schemer', 'Competent', 'Reformist']","(145, 179)",36,False,False,100,100
309,John Smith,Aquri,0,"['Reformist', 'Schemer', 'Pragmatic']","(145, 179)",31,False,False,100,100
310,John Smith,Dwarf,0,"['Conservative', 'Competent', 'Incompetent']","(78, 206)",31,False,False,100,100
311,John Smith,Dwarf,0,"['Imperious', 'Reformist', 'Reformist']","(78, 206)",64,False,False,100,100
312,John Smith,Fomoir,0,"['Schemer', 'Incompetent', 'Competent']","(73, 127)",39,False,False,100,100
313,John Smith,Fomoir,0,"['Schemer', 'Content', 'Incompetent']","(73, 127)",33,False,False,100,100
314,John Smith,Human,0,"['Imperious', 'Schemer', 'Pragmatic']","(152, 144)",37,False,False,100,100
315,John Smith,Human,0,"['Competent', 'Competent', 'Pragmatic']","(152, 144)",31,False,False,100,100
316,John Smith,Elf,0,"['Incompetent', 'Incompetent', 'Conservative']","(246, 47)",29,False,False,100,100
317,John Smith,Elf,0,"['Pragmatic', 'Schemer', 'Pragmatic']","(246, 47)",37,False,False,100,100
318,John Smith,Human,0,"['Content', 'Incompetent', 'Pragmatic']","(78, 114)",23,False,False,100,100
319,John Smith,Human,0,"['Competent', 'Conservative', 'Imperious']","(78, 114)",57,False,False,100,100
320,John Smith,Human,0,"['Egotistical', 'Reformist', 'Reformist']","(38, 234)",36,False,False,100,100
321,John Smith,Human,0,"['Competent', 'Egotistical', 'Reformist']","(38, 234)",65,False,False,100,100
322,John Smith,Elf,0,"['Content', 'Egotistical', 'Reformist']","(223, 181)",27,False,False,100,100
323,John Smith,Elf,0,"['Egotistical', 'Incompetent', 'Egotistical']","(223, 181)",49,False,False,100,100
324,John Smith,Draco,0,"['Egotistical', 'Reformist', 'Competent']","(197, 132)",25,False,False,100,100
325,John Smith,Draco,0,"['Imperious', 'Pragmatic', 'Pragmatic']","(197, 132)",55,False,False,100,100
326,John Smith,Fomoir,0,"['Pragmatic', 'Conservative', 'Content']","(93, 114)",40,False,False,100,100
327,John Smith,Fomoir,0,"['Competent', 'Ambitious', 'Imperious']","(93, 114)",50,False,False,100,100
328,John Smith,Aquri,0,"['Schemer', 'Competent', 'Ambitious']","(131, 118)",37,False,False,100,100
329,John Smith,Aquri,0,"['Schemer', 'Incompetent', 'Schemer']","(131, 118)",43,False,False,100,100
330,John Smith,Fomoir,0,"['Content', 'Incompetent', 'Content']","(143, 129)",27,False,False,100,100
331,John Smith,Fomoir,0,"['Schemer', 'Competent', 'Reformist']","(143, 129)",43,False,False,100,100
332,John Smith,Elf,0,"['Competent', 'Incompetent', 'Content']","(117, 142)",39,False,False,100,100
333,John Smith,Elf,0,"['Egotistical', 'Reformist', 'Conservative']","(117, 142)",42,False,False,100,100
334,John Smith,Human,0,"['Egotistical', 'Schemer', 'Competent']","(192, 173)",26,False,False,100,100
335,John Smith,Human,0,"['Egotistical', 'Competent', 'Content']","(192, 173)",46,False,False,100,100
336,John Smith,Fomoir,0,"['Egotistical', 'Egotistical', 'Schemer']","(43, 9)",31,False,False,100,100
337,John Smith,Fomoir,0,"['Competent', 'Schemer', 'Reformist']","(43, 9)",66,False,False,100,100
338,John Smith,Dwarf,0,"['Schemer', 'Conservative', 'Reformist']","(78, 206)",27,False,False,100,100
339,John Smith,Dwarf,0,"['Egotistical', 'Competent', 'Egotistical']","(78, 206)",70,False,False,100,100
340,John Smith,Aquri,0,"['Content', 'Schemer', 'Schemer']","(47, 42)",32,False,False,100,100
341,John Smith,Aquri,0,"['Pragmatic', 'Conservative', 'Egotistical']","(47, 42)",60,False,False,100,100
342,John Smith,Fomoir,0,"['Ambitious', 'Content', 'Imperious']","(205, 243)",21,False,False,100,100
343,John Smith,Fomoir,0,"['Egotistical', 'Reformist', 'Schemer']","(205, 243)",44,False,False,100,100
344,John Smith,Tyrani,0,"['Competent', 'Pragmatic', 'Imperious']","(149, 92)",36,False,False,100,100
345,John Smith,Tyrani,0,"['Schemer', 'Egotistical', 'Schemer']","(149, 92)",58,False,False,100,100
346,John Smith,Aquri,0,"['Conservative', 'Content', 'Imperious']","(243, 92)",40,False,False,100,100
347,John Smith,Aquri,0,"['Schemer', 'Competent', 'Imperious']","(243, 92)",47,False,False,100,100
348,John Smith,Aquri,0,"['Imperious', 'Conservative', 'Incompetent']","(90, 115)",27,False,False,100,100
349,John Smith,Aquri,0,"['Imperious', 'Imperious', 'Egotistical']","(90, 115)",43,False,False,100,100
350,John Smith,Elf,0,"['Competent', 'Conservative', 'Schemer']","(236, 117)",27,False,False,100,100
351,John Smith,Elf,0,"['Pragmatic', 'Conservative', 'Competent']","(236, 117)",61,False,False,100,100
352,John Smith,Draco,0,"['Content', 'Imperious', 'Ambitious']","(210, 212)",33,False,False,100,100
353,John Smith,Draco,0,"['Pragmatic', 'Content', 'Content']","(210, 212)",49,False,False,100,100
354,John Smith,Tyrani,0,"['Competent', 'Competent', 'Ambitious']","(235, 18)",35,False,False,100,100
355,John Smith,Tyrani,0,"['Schemer', 'Competent', 'Egotistical']","(235, 18)",56,False,False,100,100
356,John Smith,Aquri,0,"['Content', 'Content', 'Reformist']","(58, 73)",22,False,False,100,100
357,John Smith,Aquri,0,"['Egotistical', 'Ambitious', 'Incompetent']","(58, 73)",45,False,False,100,100
358,John Smith,Elf,0,"['Conservative', 'Reformist', 'Incompetent']","(97, 167)",36,False,False,100,100
359,John Smith,Elf,0,"['Conservative', 'Content', 'Schemer']","(97, 167)",36,False,False,100,100
360,John Smith,Draco,0,"['Ambitious', 'Conservative', 'Content']","(170, 151)",29,False,False,100,100
361,John Smith,Draco,0,"['Schemer', 'Incompetent', 'Incompetent']","(170, 151)",63,False,False,100,100
362,John Smith,Human,0,"['Pragmatic', 'Pragmatic', 'Content']","(63, 35)",40,False,False,100,100
363,John Smith,Human,0,"['Egotistical', 'Content', 'Incompetent']","(63, 35)",43,False,False,100,100
364,John Smith,Human,0,"['Pragmatic', 'Reformist', 'Ambitious']","(128, 132)",22,False,False,100,100
365,John Smith,Human,0,"['Reformist', 'Imperious', 'Pragmatic']","(128, 132)",31,False,False,100,100
366,John Smith,Aquri,0,"['Incompetent', 'Schemer', 'Pragmatic']","(205, 56)",40,False,False,100,100
367,John Smith,Aquri,0,"['Competent', 'Reformist', 'Imperious']","(205, 56)",64,False,False,100,100
368,John Smith,Dwarf,0,"['Schemer', 'Ambitious', 'Egotistical']","(90, 140)",29,False,False,100,100
369,John Smith,Dwarf,0,"['Ambitious', 'Content', 'Content']","(90, 140)",38,False,False,100,100
370,John Smith,Tyrani,0,"['Imperious', 'Ambitious', 'Pragmatic']","(59, 218)",37,False,False,100,100
371,John Smith,Tyrani,0,"['Imperious', 'Conservative', 'Ambitious']","(59, 218)",59,False,False,100,100
372,John Smith,Fomoir,0,"['Imperious', 'Ambitious', 'Schemer']","(77, 56)",23,False,False,100,100
373,John Smith,Fomoir,0,"['Competent', 'Content', 'Content']","(77, 56)",55,False,False,100,100
374,John Smith,Draco,0,"['Ambitious', 'Conservative', 'Ambitious']","(201, 76)",27,False,False,100,100
375,John Smith,Draco,0,"['Pragmatic', 'Pragmatic', 'Imperious']","(201, 76)",47,False,False,100,100
376,John Smith,Elf,0,"['Reformist', 'Competent', 'Imperious']","(143, 129)",25,False,False,100,100
377,John Smith,Elf,0,"['Incompetent', 'Pragmatic', 'Content']","(143, 129)",36,False,False,100,100
378,John Smith,Dwarf,0,"['Content', 'Incompetent', 'Reformist']","(135, 179)",25,False,False,100,100
379,John Smith,Dwarf,0,"['Incompetent', 'Content', 'Competent']","(135, 179)",68,False,False,100,100
380,John Smith,Human,0,"['Reformist', 'Schemer', 'Egotistical']","(229, 216)",32,False,False,100,100
381,John Smith,Human,0,"['Imperious', 'Incompetent', 'Ambitious']","(229, 216)",62,False,False,100,100
382,John Smith,Aquri,0,"['Ambitious', 'Imperious', 'Incompetent']","(186, 70)",23,False,False,100,100
383,John Smith,Aquri,0,"['Content', 'Pragmatic', 'Egotistical']","(186, 70)",37,False,False,100,100
384,John Smith,Aquri,0,"['Incompetent', 'Incompetent', 'Schemer']","(162, 125)",40,False,False,100,100
385,John Smith,Aquri,0,"['Conservative', 'Reformist', 'Ambitious']","(162, 125)",56,False,False,100,100
386,John Smith,Tyrani,0,"['Schemer', 'Pragmatic', 'Egotistical']","(179, 223)",30,False,False,100,100
387,John Smith,Tyrani,0,"['Schemer', 'Competent', 'Content']","(179, 223)",32,False,False,100,100
388,John Smith,Fomoir,0,"['Schemer', 'Imperious', 'Incompetent']","(14, 131)",30,False,False,100,100
389,John Smith,Fomoir,0,"['Pragmatic', 'Reformist', 'Competent']","(14, 131)",70,False,False,100,100
390,John Smith,Tyrani,0,"['Conservative', 'Competent', 'Egotistical']","(126, 205)",30,False,False,100,100
391,John Smith,Tyrani,0,"['Reformist', 'Competent', 'Competent']","(126, 205)",62,False,False,100,100
392,John Smith,Dwarf,0,"['Reformist', 'Incompetent', 'Conservative']","(109, 155)",41,False,False,100,100
393,John Smith,Dwarf,0,"['Schemer', 'Competent', 'Conservative']","(109, 155)",58,False,False,100,100
394,John Smith,Dwarf,0,"['Reformist', 'Pragmatic', 'Imperious']","(124, 207)",41,False,False,100,100
395,John Smith,Dwarf,0,"['Ambitious', 'Ambitious', 'Schemer']","(124, 207)",40,False,False,100,100
396,John Smith,Dwarf,0,"['Competent', 'Egotistical', 'Conservative']","(203, 155)",23,False,False,100,100
397,John Smith,Dwarf,0,"['Schemer', 'Competent', 'Content']","(203, 155)",32,False,False,100,100
398,John Smith,Tyrani,0,"['Ambitious', 'Schemer', 'Imperious']","(161, 36)",34,False,False,100,100
399,John Smith,Tyrani,0,"['Reformist', 'Ambitious', 'Incompetent']","(161, 36)",52,False,False,100,100
400,John Smith,Dwarf,0,"['Egotistical', 'Imperious', 'Ambitious']","(217, 128)",22,False,False,100,100
401,John Smith,Dwarf,0,"['Pragmatic', 'Content', 'Imperious']","(217, 128)",35,False,False,100,100
402,John Smith,Tyrani,0,"['Reformist', 'Competent', 'Schemer']","(202, 228)",23,False,False,100,100
403,John Smith,Tyrani,0,"['Competent', 'Conservative', 'Schemer']","(202, 228)",50,False,False,100,100
404,John Smith,Fomoir,0,"['Reformist', 'Incompetent', 'Egotistical']","(204, 54)",24,False,False,100,100
405,John Smith,Fomoir,0,"['Schemer', 'Competent', 'Reformist']","(204, 54)",38,False,False,100,100
406,John Smith,Dwarf,0,"['Conservative', 'Pragmatic', 'Incompetent']","(107, 59)",30,False,False,100,100
407,John Smith,Dwarf,0,"['Incompetent', 'Ambitious', 'Imperious']","(107, 59)",43,False,False,100,100
408,John Smith,Elf,0,"['Pragmatic', 'Incompetent', 'Reformist']","(112, 151)",21,False,False,100,100
409,John Smith,Elf,0,"['Competent', 'Reformist', 'Imperious']","(112, 151)",42,False,False,100,100
410,John Smith,Human,0,"['Incompetent', 'Egotistical', 'Conservative']","(43, 215)",34,False,False,100,100
411,John Smith,Human,0,"['Imperious', 'Imperious', 'Conservative']","(43, 215)",67,False,False,100,100
412,John Smith,Human,0,"['Incompetent', 'Reformist', 'Incompetent']","(17, 35)",36,False,False,100,100
413,John Smith,Human,0,"['Content', 'Reformist', 'Content']","(17, 35)",69,False,False,100,100
414,John Smith,Fomoir,0,"['Conservative', 'Incompetent', 'Pragmatic']","(72, 16)",32,False,False,100,100
415,John Smith,Fomoir,0,"['Competent', 'Egotistical', 'Egotistical']","(72, 16)",33,False,False,100,100
416,John Smith,Fomoir,0,"['Schemer', 'Pragmatic', 'Pragmatic']","(217, 37)",31,False,False,100,100
417,John Smith,Fomoir,0,"['Reformist', 'Competent', 'Conservative']","(217, 37)",46,False,False,100,100
418,John Smith,Aquri,0,"['Conservative', 'Reformist', 'Pragmatic']","(171, 30)",39,False,False,100,100
419,John Smith,Aquri,0,"['Imperious', 'Incompetent', 'Pragmatic']","(171, 30)",40,False,False,100,100
420,John Smith,Dwarf,0,"['Conservative', 'Imperious', 'Egotistical']","(36, 156)",36,False,False,100,100
421,John Smith,Dwarf,0,"['Content', 'Incompetent', 'Competent']","(36, 156)",33,False,False,100,100
422,John Smith,Aquri,0,"['Incompetent', 'Conservative', 'Conservative']","(178, 1)",23,False,False,100,100
423,John Smith,Aquri,0,"['Competent', 'Conservative', 'Incompetent']","(178, 1)",71,False,False,100,100
424,John Smith,Aquri,0,"['Ambitious', 'Pragmatic', 'Schemer']","(204, 182)",33,False,False,100,100
425,John Smith,Aquri,0,"['Reformist', 'Incompetent', 'Conservative']","(204, 182)",37,False,False,100,100
426,John Smith,Dwarf,0,"['Competent', 'Conservative', 'Incompetent']","(145, 49)",29,False,False,100,100
427,John Smith,Dwarf,0,"['Competent', 'Reformist', 'Ambitious']","(145, 49)",54,False,False,100,100
428,John Smith,Human,0,"['Incompetent', 'Pragmatic', 'Competent']","(190, 122)",33,False,False,100,100
429,John Smith,Human,0,"['Ambitious', 'Ambitious', 'Egotistical']","(190, 122)",32,False,False,100,100
430,John Smith,Elf,0,"['Incompetent', 'Pragmatic', 'Conservative']","(75, 231)",21,False,False,100,100
431,John Smith,Elf,0,"['Ambitious', 'Conservative', 'Incompetent']","(75, 231)",44,False,False,100,100
432,John Smith,Dwarf,0,"['Egotistical', 'Reformist', 'Competent']","(83, 60)",37,False,False,100,100
433,John Smith,Dwarf,0,"['Incompetent', 'Competent', 'Imperious']","(83, 60)",57,False,False,100,100
434,John Smith,Tyrani,0,"['Competent', 'Ambitious', 'Schemer']","(36, 212)",27,False,False,100,100
435,John Smith,Tyrani,0,"['Content', 'Reformist', 'Competent']","(36, 212)",50,False,False,100,100
436,John Smith,Aquri,0,"['Ambitious', 'Reformist', 'Reformist']","(182, 221)",39,False,False,100,100
437,John Smith,Aquri,0,"['Ambitious', 'Incompetent', 'Competent']","(182, 221)",45,False,False,100,100
438,John Smith,Elf,0,"['Conservative', 'Competent', 'Incompetent']","(236, 117)",33,False,False,100,100
439,John Smith,Elf,0,"['Conservative', 'Imperious', 'Reformist']","(236, 117)",58,False,False,100,100
440,John Smith,Dwarf,0,"['Pragmatic', 'Reformist', 'Content']","(64, 116)",38,False,False,100,100
441,John Smith,Dwarf,0,"['Imperious', 'Pragmatic', 'Incompetent']","(64, 116)",49,False,False,100,100
442,John Smith,Aquri,0,"['Pragmatic', 'Pragmatic', 'Pragmatic']","(221, 179)",37,False,False,100,100
443,John Smith,Aquri,0,"['Egotistical', 'Schemer', 'Pragmatic']","(221, 179)",32,False,False,100,100
444,John Smith,Tyrani,0,"['Incompetent', 'Content', 'Imperious']","(233, 102)",41,False,False,100,100
445,John Smith,Tyrani,0,"['Competent', 'Reformist', 'Competent']","(233, 102)",64,False,False,100,100
446,John Smith,Fomoir,0,"['Conservative', 'Ambitious', 'Ambitious']","(42, 11)",32,False,False,100,100
447,John Smith,Fomoir,0,"['Conservative', 'Conservative', 'Conservative']","(42, 11)",66,False,False,100,100
448,John Smith,Elf,0,"['Imperious', 'Content', 'Reformist']","(79, 167)",25,False,False,100,100
449,John Smith,Elf,0,"['Reformist', 'Pragmatic', 'Conservative']","(79, 167)",61,False,False,100,100
450,John Smith,Aquri,0,"['Schemer', 'Imperious', 'Content']","(184, 20)",35,False,False,100,100
451,John Smith,Aquri,0,"['Egotistical', 'Content', 'Competent']","(184, 20)",46,False,False,100,100
452,John Smith,Tyrani,0,"['Content', 'Content', 'Schemer']","(118, 108)",25,False,False,100,100
453,John Smith,Tyrani,0,"['Competent', 'Egotistical', 'Imperious']","(118, 108)",58,False,False,100,100
454,John Smith,Aquri,0,"['Egotistical', 'Egotistical', 'Reformist']","(114, 67)",32,False,False,100,100
455,John Smith,Aquri,0,"['Schemer', 'Schemer', 'Competent']","(114, 67)",46,False,False,100,100
456,John Smith,Aquri,0,"['Conservative', 'Reformist', 'Egotistical']","(140, 20)",32,False,False,100,100
457,John Smith,Aquri,0,"['Egotistical', 'Imperious', 'Ambitious']","(140, 20)",71,False,False,100,100
458,John Smith,Tyrani,0,"['Imperious', 'Competent', 'Imperious']","(99, 233)",27,False,False,100,100
459,John Smith,Tyrani,0,"['Reformist', 'Competent', 'Pragmatic']","(99, 233)",44,False,False,100,100
460,John Smith,Aquri,0,"['Imperious', 'Imperious', 'Reformist']","(99, 74)",26,False,False,100,100
461,John Smith,Aquri,0,"['Content', 'Pragmatic', 'Pragmatic']","(99, 74)",39,False,False,100,100
462,John Smith,Dwarf,0,"['Incompetent', 'Incompetent', 'Pragmatic']","(127, 52)",37,False,False,100,100
463,John Smith,Dwarf,0,"['Reformist', 'Reformist', 'Content']","(127, 52)",37,False,False,100,100
464,John Smith,Aquri,0,"['Imperious', 'Egotistical', 'Reformist']","(16, 49)",34,False,False,100,100
465,John Smith,Aquri,0,"['Reformist', 'Imperious', 'Reformist']","(16, 49)",41,False,False,100,100
466,John Smith,Human,0,"['Ambitious', 'Pragmatic', 'Competent']","(175, 107)",37,False,False,100,100
467,John Smith,Human,0,"['Competent', 'Competent', 'Competent']","(175, 107)",54,False,False,100,100
468,John Smith,Draco,0,"['Schemer', 'Egotistical', 'Reformist']","(100, 248)",24,False,False,100,100
469,John Smith,Draco,0,"['Pragmatic', 'Schemer', 'Schemer']","(100, 248)",37,False,False,100,100
470,John Smith,Elf,0,"['Imperious', 'Content', 'Conservative']","(78, 117)",28,False,False,100,100
471,John Smith,Elf,0,"['Incompetent', 'Content', 'Imperious']","(78, 117)",46,False,False,100,100
472,John Smith,Aquri,0,"['Incompetent', 'Competent', 'Imperious']","(222, 8)",28,False,False,100,100
473,John Smith,Aquri,0,"['Schemer', 'Egotistical', 'Incompetent']","(222, 8)",44,False,False,100,100
474,John Smith,Dwarf,0,"['Competent', 'Ambitious', 'Content']","(88, 139)",22,False,False,100,100
475,John Smith,Dwarf,0,"['Egotistical', 'Schemer', 'Reformist']","(88, 139)",56,False,False,100,100
476,John Smith,Elf,0,"['Reformist', 'Pragmatic', 'Competent']","(95, 230)",29,False,False,100,100
477,John Smith,Elf,0,"['Content', 'Competent', 'Schemer']","(95, 230)",58,False,False,100,100
478,John Smith,Draco,0,"['Competent', 'Ambitious', 'Content']","(97, 33)",23,False,False,100,100
479,John Smith,Draco,0,"['Content', 'Competent', 'Content']","(97, 33)",60,False,False,100,100
480,John Smith,Tyrani,0,"['Ambitious', 'Imperious', 'Conservative']","(106, 13)",40,False,False,100,100
481,John Smith,Tyrani,0,"['Imperious', 'Competent', 'Reformist']","(106, 13)",54,False,False,100,100
482,John Smith,Aquri,0,"['Content', 'Content', 'Reformist']","(62, 188)",40,False,False,100,100
483,John Smith,Aquri,0,"['Pragmatic', 'Schemer', 'Incompetent']","(62, 188)",68,False,False,100,100
484,John Smith,Aquri,0,"['Egotistical', 'Schemer', 'Conservative']","(226, 20)",27,False,False,100,100
485,John Smith,Aquri,0,"['Incompetent', 'Content', 'Ambitious']","(226, 20)",41,False,False,100,100
486,John Smith,Fomoir,0,"['Content', 'Competent', 'Reformist']","(41, 81)",37,False,False,100,100
487,John Smith,Fomoir,0,"['Reformist', 'Conservative', 'Schemer']","(41, 81)",33,False,False,100,100
488,John Smith,Aquri,0,"['Egotistical', 'Conservative', 'Reformist']","(246, 185)",40,False,False,100,100
489,John Smith,Aquri,0,"['Reformist', 'Ambitious', 'Incompetent']","(246, 185)",40,False,False,100,100
490,John Smith,Fomoir,0,"['Ambitious', 'Schemer', 'Schemer']","(62, 203)",21,False,False,100,100
491,John Smith,Fomoir,0,"['Incompetent', 'Incompetent', 'Conservative']","(62, 203)",69,False,False,100,100
492,John Smith,Dwarf,0,"['Pragmatic', 'Egotistical', 'Conservative']","(171, 200)",40,False,False,100,100
493,John Smith,Dwarf,0,"['Imperious', 'Conservative', 'Egotistical']","(171, 200)",64,False,False,100,100
494,John Smith,Aquri,0,"['Ambitious', 'Ambitious', 'Ambitious']","(141, 212)",30,False,False,100,100
495,John Smith,Aquri,0,"['Competent', 'Schemer', 'Ambitious']","(141, 212)",57,False,False,100,100
496,John Smith,Aquri,0,"['Ambitious', 'Content', 'Content']","(144, 230)",29,False,False,100,100
497,John Smith,Aquri,0,"['Reformist', 'Schemer', 'Competent']","(144, 230)",59,False,False,100,100
498,John Smith,Fomoir,0,"['Ambitious', 'Conservative', 'Imperious']","(193, 140)",32,False,False,100,100
499,John Smith,Fomoir,0,"['Egotistical', 'Incompetent', 'Content']","(193, 140)",38,False,False,100,100
500,John Smith,Human,0,"['Pragmatic', 'Conservative', 'Reformist']","(144, 146)",33,False,False,100,100
501,John Smith,Human,0,"['Pragmatic', 'Imperious', 'Schemer']","(144, 146)",64,False,False,100,100
502,John Smith,Draco,0,"['Ambitious', 'Reformist', 'Content']","(121, 155)",38,False,False,100,100
503,John Smith,Draco,0,"['Competent', 'Reformist', 'Incompetent']","(121, 155)",49,False,False,100,100
504,John Smith,Tyrani,0,"['Incompetent', 'Conservative', 'Pragmatic']","(183, 233)",41,False,False,100,100
505,John Smith,Tyrani,0,"['Pragmatic', 'Reformist', 'Ambitious']","(183, 233)",51,False,False,100,100
506,John Smith,Dwarf,0,"['Incompetent', 'Ambitious', 'Schemer']","(107, 91)",33,False,False,100,100
507,John Smith,Dwarf,0,"['Schemer', 'Reformist', 'Reformist']","(107, 91)",64,False,False,100,100
508,John Smith,Elf,0,"['Conservative', 'Ambitious', 'Egotistical']","(107, 157)",24,False,False,100,100
509,John Smith,Elf,0,"['Ambitious', 'Content', 'Schemer']","(107, 157)",56,False,False,100,100
510,John Smith,Draco,0,"['Pragmatic', 'Ambitious', 'Imperious']","(86, 48)",38,False,False,100,100
511,John Smith,Draco,0,"['Ambitious', 'Competent', 'Incompetent']","(86, 48)",62,False,False,100,100
512,John Smith,Fomoir,0,"['Competent', 'Reformist', 'Schemer']","(70, 234)",33,False,False,100,100
513,John Smith,Fomoir,0,"['Schemer', 'Incompetent', 'Schemer']","(70, 234)",32,False,False,100,100
514,John Smith,Aquri,0,"['Egotistical', 'Egotistical', 'Imperious']","(185, 78)",34,False,False,100,100
515,John Smith,Aquri,0,"['Conservative', 'Content', 'Content']","(185, 78)",43,False,False,100,100
516,John Smith,Draco,0,"['Incompetent', 'Ambitious', 'Ambitious']","(205, 53)",24,False,False,100,100
517,John Smith,Draco,0,"['Reformist', 'Schemer', 'Incompetent']","(205, 53)",32,False,False,100,100
518,John Smith,Dwarf,0,"['Ambitious', 'Ambitious', 'Egotistical']","(111, 137)",26,False,False,100,100
519,John Smith,Dwarf,0,"['Competent', 'Ambitious', 'Content']","(111, 137)",56,False,False,100,100
520,John Smith,Fomoir,0,"['Incompetent', 'Content', 'Imperious']","(136, 216)",21,False,False,100,100
521,John Smith,Fomoir,0,"['Pragmatic', 'Incompetent', 'Schemer']","(136, 216)",42,False,False,100,100
522,John Smith,Tyrani,0,"['Competent', 'Incompetent', 'Reformist']","(230, 221)",26,False,False,100,100
523,John Smith,Tyrani,0,"['Conservative', 'Competent', 'Competent']","(230, 221)",52,False,False,100,100
524,John Smith,Aquri,0,"['Schemer', 'Ambitious', 'Competent']","(80, 218)",35,False,False,100,100
525,John Smith,Aquri,0,"['Pragmatic', 'Incompetent', 'Egotistical']","(80, 218)",44,False,False,100,100
526,John Smith,Aquri,0,"['Egotistical', 'Conservative', 'Egotistical']","(235, 225)",28,False,False,100,100
527,John Smith,Aquri,0,"['Ambitious', 'Egotistical', 'Imperious']","(235, 225)",68,False,False,100,100
528,John Smith,Draco,0,"['Imperious', 'Pragmatic', 'Egotistical']","(25, 58)",33,False,False,100,100
529,John Smith,Draco,0,"['Egotistical', 'Competent', 'Incompetent']","(25, 58)",54,False,False,100,100
530,John Smith,Aquri,0,"['Competent', 'Imperious', 'Pragmatic']","(237, 119)",26,False,False,100,100
531,John Smith,Aquri,0,"['Conservative', 'Schemer', 'Conservative']","(237, 119)",42,False,False,100,100
532,John Smith,Dwarf,0,"['Pragmatic', 'Egotistical', 'Incompetent']","(103, 35)",23,False,False,100,100
533,John Smith,Dwarf,0,"['Imperious', 'Pragmatic', 'Competent']","(103, 35)",50,False,False,100,100
534,John Smith,Tyrani,0,"['Schemer', 'Competent', 'Conservative']","(38, 174)",25,False,False,100,100
535,John Smith,Tyrani,0,"['Competent', 'Reformist', 'Content']","(38, 174)",56,False,False,100,100
536,John Smith,Human,0,"['Egotistical', 'Reformist', 'Egotistical']","(109, 80)",22,False,False,100,100
537,John Smith,Human,0,"['Competent', 'Content', 'Competent']","(109, 80)",53,False,False,100,100
538,John Smith,Draco,0,"['Ambitious', 'Reformist', 'Conservative']","(24, 160)",25,False,False,100,100
539,John Smith,Draco,0,"['Pragmatic', 'Incompetent', 'Ambitious']","(24, 160)",63,False,False,100,100
540,John Smith,Tyrani,0,"['Schemer', 'Reformist', 'Incompetent']","(188, 62)",23,False,False,100,100
541,John Smith,Tyrani,0,"['Egotistical', 'Conservative', 'Pragmatic']","(188, 62)",37,False,False,100,100
542,John Smith,Elf,0,"['Content', 'Incompetent', 'Schemer']","(234, 32)",32,False,False,100,100
543,John Smith,Elf,0,"['Pragmatic', 'Content', 'Competent']","(234, 32)",68,False,False,100,100
544,John Smith,Draco,0,"['Content', 'Imperious', 'Competent']","(207, 73)",23,False,False,100,100
545,John Smith,Draco,0,"['Incompetent', 'Conservative', 'Conservative']","(207, 73)",47,False,False,100,100
546,John Smith,Draco,0,"['Competent', 'Incompetent', 'Conservative']","(14, 235)",22,False,False,100,100
547,John Smith,Draco,0,"['Ambitious', 'Imperious', 'Content']","(14, 235)",53,False,False,100,100
548,John Smith,Human,0,"['Egotistical', 'Imperious', 'Schemer']","(224, 168)",33,False,False,100,100
549,John Smith,Human,0,"['Ambitious', 'Ambitious', 'Competent']","(224, 168)",36,False,False,100,100
550,John Smith,Draco,0,"['Reformist', 'Schemer', 'Content']","(209, 126)",25,False,False,100,100
551,John Smith,Draco,0,"['Conservative', 'Incompetent', 'Content']","(209, 126)",48,False,False,100,100
552,John Smith,Aquri,0,"['Incompetent', 'Conservative', 'Ambitious']","(18, 214)",36,False,False,100,100
553,John Smith,Aquri,0,"['Schemer', 'Imperious', 'Egotistical']","(18, 214)",70,False,False,100,100
554,John Smith,Tyrani,0,"['Reformist', 'Reformist', 'Conservative']","(15, 67)",35,False,False,100,100
555,John Smith,Tyrani,0,"['Imperious', 'Ambitious', 'Competent']","(15, 67)",38,False,False,100,100
556,John Smith,Aquri,0,"['Schemer', 'Reformist', 'Reformist']","(162, 92)",21,False,False,100,100
557,John Smith,Aquri,0,"['Ambitious', 'Egotistical', 'Incompetent']","(162, 92)",39,False,False,100,100
558,John Smith,Tyrani,0,"['Egotistical', 'Content', 'Incompetent']","(219, 22)",26,False,False,100,100
559,John Smith,Tyrani,0,"['Reformist', 'Pragmatic', 'Schemer']","(219, 22)",61,False,False,100,100
560,John Smith,Draco,0,"['Imperious', 'Pragmatic', 'Schemer']","(79, 167)",26,False,False,100,100
561,John Smith,Draco,0,"['Conservative', 'Conservative', 'Incompetent']","(79, 167)",69,False,False,100,100
562,John Smith,Dwarf,0,"['Pragmatic', 'Content', 'Imperious']","(30, 227)",30,False,False,100,100
563,John Smith,Dwarf,0,"['Schemer', 'Ambitious', 'Content']","(30, 227)",69,False,False,100,100
564,John Smith,Dwarf,0,"['Content', 'Conservative', 'Imperious']","(13, 22)",29,False,False,100,100
565,John Smith,Dwarf,0,"['Incompetent', 'Ambitious', 'Competent']","(13, 22)",33,False,False,100,100
566,John Smith,Dwarf,0,"['Conservative', 'Pragmatic', 'Schemer']","(146, 60)",22,False,False,100,100
567,John Smith,Dwarf,0,"['Content', 'Conservative', 'Content']","(146, 60)",59,False,False,100,100
568,John Smith,Tyrani,0,"['Content', 'Egotistical', 'Incompetent']","(13, 229)",36,False,False,100,100
569,John Smith,Tyrani,0,"['Conservative', 'Conservative', 'Conservative']","(13, 229)",45,False,False,100,100
570,John Smith,Dwarf,0,"['Content', 'Conservative', 'Schemer']","(100, 20)",24,False,False,100,100
571,John Smith,Dwarf,0,"['Egotistical', 'Content', 'Pragmatic']","(100, 20)",67,False,False,100,100
572,John Smith,Fomoir,0,"['Reformist', 'Pragmatic', 'Reformist']","(154, 162)",23,False,False,100,100
573,John Smith,Fomoir,0,"['Imperious', 'Competent', 'Pragmatic']","(154, 162)",31,False,False,100,100
574,John Smith,Dwarf,0,"['Ambitious', 'Ambitious', 'Schemer']","(20, 152)",39,False,False,100,100
575,John Smith,Dwarf,0,"['Reformist', 'Incompetent', 'Schemer']","(20, 152)",61,False,False,100,100
576,John Smith,Elf,0,"['Imperious', 'Conservative', 'Competent']","(108, 126)",33,False,False,100,100
577,John Smith,Elf,0,"['Pragmatic', 'Incompetent', 'Competent']","(108, 126)",60,False,False,100,100
578,John Smith,Human,0,"['Schemer', 'Schemer', 'Egotistical']","(179, 200)",24,False,False,100,100
579,John Smith,Human,0,"['Schemer', 'Incompetent', 'Reformist']","(179, 200)",43,False,False,100,100
580,John Smith,Aquri,0,"['Conservative', 'Egotistical', 'Schemer']","(16, 49)",32,False,False,100,100
581,John Smith,Aquri,0,"['Conservative', 'Schemer', 'Content']","(16, 49)",48,False,False,100,100
582,John Smith,Fomoir,0,"['Incompetent', 'Competent', 'Incompetent']","(148, 133)",41,False,False,100,100
583,John Smith,Fomoir,0,"['Content', 'Schemer', 'Schemer']","(148, 133)",45,False,False,100,100
584,John Smith,Dwarf,0,"['Incompetent', 'Schemer', 'Conservative']","(194, 100)",32,False,False,100,100
585,John Smith,Dwarf,0,"['Content', 'Reformist', 'Content']","(194, 100)",47,False,False,100,100
586,John Smith,Fomoir,0,"['Incompetent', 'Imperious', 'Imperious']","(131, 157)",23,False,False,100,100
587,John Smith,Fomoir,0,"['Pragmatic', 'Schemer', 'Imperious']","(131, 157)",50,False,False,100,100
588,John Smith,Aquri,0,"['Egotistical', 'Pragmatic', 'Conservative']","(17, 118)",30,False,False,100,100
589,John Smith,Aquri,0,"['Reformist', 'Ambitious', 'Ambitious']","(17, 118)",53,False,False,100,100
590,John Smith,Elf,0,"['Competent', 'Incompetent', 'Ambitious']","(107, 246)",35,False,False,100,100
591,John Smith,Elf,0,"['Incompetent', 'Conservative', 'Ambitious']","(107, 246)",42,False,False,100,100
592,John Smith,Fomoir,0,"['Imperious', 'Reformist', 'Ambitious']","(188, 158)",36,False,False,100,100
593,John Smith,Fomoir,0,"['Egotistical', 'Conservative', 'Imperious']","(188, 158)",68,False,False,100,100
594,John Smith,Draco,0,"['Incompetent', 'Competent', 'Competent']","(31, 47)",36,False,False,100,100
595,John Smith,Draco,0,"['Incompetent', 'Pragmatic', 'Egotistical']","(31, 47)",44,False,False,100,100
596,John Smith,Draco,0,"['Egotistical', 'Conservative', 'Conservative']","(178, 47)",34,False,False,100,100
597,John Smith,Draco,0,"['Competent', 'Competent', 'Content']","(178, 47)",53,False,False,100,100
598,John Smith,Human,0,"['Pragmatic', 'Imperious', 'Incompetent']","(15, 24)",34,False,False,100,100
599,John Smith,Human,0,"['Content', 'Ambitious', 'Egotistical']","(15, 24)",53,False,False,100,100
600,John Smith,Fomoir,0,"['Conservative', 'Content', 'Schemer']","(215, 241)",33,False,False,100,100
601,John Smith,Fomoir,0,"['Conservative', 'Content', 'Incompetent']","(215, 241)",35,False,False,100,100
602,John Smith,Tyrani,0,"['Incompetent', 'Egotistical', 'Ambitious']","(224, 168)",39,False,False,100,100
603,John Smith,Tyrani,0,"['Competent', 'Content', 'Ambitious']","(224, 168)",35,False,False,100,100
604,John Smith,Dwarf,0,"['Reformist', 'Pragmatic', 'Pragmatic']","(197, 233)",39,False,False,100,100
605,John Smith,Dwarf,0,"['Conservative', 'Reformist', 'Pragmatic']","(197, 233)",64,False,False,100,100
606,John Smith,Aquri,0,"['Reformist', 'Imperious', 'Imperious']","(150, 146)",31,False,False,100,100
607,John Smith,Aquri,0,"['Incompetent', 'Ambitious', 'Reformist']","(150, 146)",35,False,False,100,100
608,John Smith,Fomoir,0,"['Incompetent', 'Conservative', 'Conservative']","(49, 188)",38,False,False,100,100
609,John Smith,Fomoir,0,"['Conservative', 'Conservative', 'Egotistical']","(49, 188)",46,False,False,100,100
610,John Smith,Draco,0,"['Ambitious', 'Competent', 'Conservative']","(47, 238)",31,False,False,100,100
611,John Smith,Draco,0,"['Pragmatic', 'Competent', 'Reformist']","(47, 238)",67,False,False,100,100
612,John Smith,Draco,0,"['Incompetent', 'Competent', 'Schemer']","(142, 182)",38,False,False,100,100
613,John Smith,Draco,0,"['Schemer', 'Schemer', 'Egotistical']","(142, 182)",31,False,False,100,100
614,John Smith,Dwarf,0,"['Reformist', 'Pragmatic', 'Pragmatic']","(222, 65)",40,False,False,100,100
615,John Smith,Dwarf,0,"['Ambitious', 'Competent', 'Conservative']","(222, 65)",50,False,False,100,100
616,John Smith,Fomoir,0,"['Competent', 'Egotistical', 'Pragmatic']","(220, 152)",32,False,False,100,100
617,John Smith,Fomoir,0,"['Content', 'Conservative', 'Conservative']","(220, 152)",39,False,False,100,100
618,John Smith,Elf,0,"['Competent', 'Competent', 'Schemer']","(144, 159)",30,False,False,100,100
619,John Smith,Elf,0,"['Ambitious', 'Incompetent', 'Incompetent']","(144, 159)",68,False,False,100,100
620,John Smith,Fomoir,0,"['Competent', 'Schemer', 'Competent']","(10, 138)",24,False,False,100,100
621,John Smith,Fomoir,0,"['Content', 'Conservative', 'Pragmatic']","(10, 138)",44,False,False,100,100
622,John Smith,Tyrani,0,"['Egotistical', 'Egotistical', 'Competent']","(102, 169)",36,False,False,100,100
623,John Smith,Tyrani,0,"['Ambitious', 'Ambitious', 'Egotistical']","(102, 169)",56,False,False,100,100
