0,The Union of Apple,"(130, 65)","[(130, 65)]","['0', '1', '0.4', '0.7', '0.3', '0.5', '0.5', '0.3', '1', '0.1', '0.8', '1']","['Competent', 'Reformist', 'Conservative']",<Classes.classes.<locals>.Char object at 0x000002C322AE5550>,[],0
1,The Alliance of Apple,"(107, 105)","[(107, 105)]","['0', '1', '0.4', '0.7', '0.3', '0.5', '0.5', '0.3', '1', '0.1', '0.8', '1']","['Pragmatic', 'Reformist', 'Content']",<Classes.classes.<locals>.Char object at 0x000002C322A02D50>,[],0
2,The Federation of Apple,"(246, 240)","[(246, 240)]","['0', '0.7', '0.1', '1', '0.4', '0.3', '0.7', '0.6', '1', '0', '0.5', '1']","['Imperious', 'Conservative', 'Competent']",<Classes.classes.<locals>.Char object at 0x000002C322AE50D0>,[],0
3,The Princedom of Cheese,"(203, 73)","[(203, 73)]","['0', '1', '0.4', '0.7', '0.3', '0.5', '0.5', '0.3', '1', '0.1', '0.8', '1']","['Reformist', 'Egotistical', 'Schemer']",<Classes.classes.<locals>.Char object at 0x000002C322AE4D10>,[],0
4,The Princedom of Apple,"(36, 174)","[(36, 174)]","['0', '0.5', '0.5', '0.4', '0.2', '1', '0.3', '0.1', '1', '0', '0.8', '1']","['Content', 'Schemer', 'Schemer']",<Classes.classes.<locals>.Char object at 0x000002C321F881D0>,[],0
5,The Union of Cheese,"(142, 57)","[(142, 57)]","['0', '1', '0.4', '0.7', '0.3', '0.5', '0.5', '0.3', '1', '0.1', '0.8', '1']","['Imperious', 'Content', 'Ambitious']",<Classes.classes.<locals>.Char object at 0x000002C322DF9890>,[],0
6,The Alliance of Apple,"(44, 189)","[(44, 189)]","['0', '0.3', '1', '0.5', '0', '0.7', '0.2', '0.5', '1', '0', '0.4', '1']","['Ambitious', 'Conservative', 'Schemer']",<Classes.classes.<locals>.Char object at 0x000002C322DF9310>,[],0
7,The Kingdom of Apple,"(154, 153)","[(154, 153)]","['0', '1', '0.5', '0.6', '0.4', '0.6', '0.5', '0.4', '0.5', '0.1', '1', '1']","['Egotistical', 'Content', 'Pragmatic']",<Classes.classes.<locals>.Char object at 0x000002C322DF9290>,[],0
8,The Kingdom of Apple,"(75, 174)","[(75, 174)]","['0', '0.7', '0.2', '1', '0.6', '0.4', '1', '0.6', '0', '0.4', '0.7', '1']","['Pragmatic', 'Imperious', 'Reformist']",<Classes.classes.<locals>.Char object at 0x000002C322DFA4D0>,[],0
9,The Princedom of Cheese,"(158, 222)","[(158, 222)]","['0', '0.7', '0.2', '1', '0.6', '0.4', '1', '0.6', '0', '0.4', '0.7', '1']","['Incompetent', 'Incompetent', 'Imperious']",<Classes.classes.<locals>.Char object at 0x000002C322DF8A90>,[],0
10,The Princedom of Apple,"(107, 33)","[(107, 33)]","['0', '0.5', '0.5', '0.4', '0.2', '1', '0.3', '0.1', '1', '0', '0.8', '1']","['Conservative', 'Egotistical', 'Incompetent']",<Classes.classes.<locals>.Char object at 0x000002C322DF9FD0>,[],0
11,The Archduchy of Apple,"(66, 38)","[(66, 38)]","['0', '0.3', '1', '0.5', '0', '0.7', '0.2', '0.5', '1', '0', '0.4', '1']","['Incompetent', 'Competent', 'Reformist']",<Classes.classes.<locals>.Char object at 0x000002C322AA5FD0>,[],0
12,The Kingdom of Cheese,"(160, 242)","[(160, 242)]","['0', '0.7', '0.2', '1', '0.6', '0.4', '1', '0.6', '0', '0.4', '0.7', '1']","['Incompetent', 'Egotistical', 'Ambitious']",<Classes.classes.<locals>.Char object at 0x000002C322DFAED0>,[],0
13,The Union of Apple,"(103, 124)","[(103, 124)]","['0', '0.5', '0.5', '0.4', '0.2', '1', '0.3', '0.1', '1', '0', '0.8', '1']","['Ambitious', 'Imperious', 'Schemer']",<Classes.classes.<locals>.Char object at 0x000002C322DFAD10>,[],0
14,The Confederation of Cheese,"(240, 79)","[(240, 79)]","['0', '0.5', '0.5', '0.4', '0.2', '1', '0.3', '0.1', '1', '0', '0.8', '1']","['Pragmatic', 'Ambitious', 'Competent']",<Classes.classes.<locals>.Char object at 0x000002C322DFB250>,[],0
15,The Federation of Cheese,"(114, 156)","[(114, 156)]","['0', '0.7', '0.1', '1', '0.4', '0.3', '0.7', '0.6', '1', '0', '0.5', '1']","['Imperious', 'Schemer', 'Conservative']",<Classes.classes.<locals>.Char object at 0x000002C322DFBD50>,[],0
16,The Federation of Cheese,"(246, 191)","[(246, 191)]","['0', '0.4', '0.2', '0.5', '1', '0', '0.7', '0.2', '1', '0', '0.3', '1']","['Schemer', 'Pragmatic', 'Egotistical']",<Classes.classes.<locals>.Char object at 0x000002C322E0C290>,[],0
17,The Empire of Apple,"(34, 243)","[(34, 243)]","['0', '0.4', '0.2', '0.5', '1', '0', '0.7', '0.2', '1', '0', '0.3', '1']","['Pragmatic', 'Schemer', 'Imperious']",<Classes.classes.<locals>.Char object at 0x000002C322E0C350>,[],0
18,The Confederation of Apple,"(112, 22)","[(112, 22)]","['0', '0.5', '0.5', '0.4', '0.2', '1', '0.3', '0.1', '1', '0', '0.8', '1']","['Ambitious', 'Ambitious', 'Egotistical']",<Classes.classes.<locals>.Char object at 0x000002C322E0C210>,[],0
19,The Union of Apple,"(235, 155)","[(235, 155)]","['0', '1', '0.5', '0.6', '0.4', '0.6', '0.5', '0.4', '0.5', '0.1', '1', '1']","['Incompetent', 'Incompetent', 'Schemer']",<Classes.classes.<locals>.Char object at 0x000002C32245E050>,[],0
20,The Confederation of Apple,"(147, 247)","[(147, 247)]","['0', '1', '0.4', '0.7', '0.3', '0.5', '0.5', '0.3', '1', '0.1', '0.8', '1']","['Conservative', 'Competent', 'Ambitious']",<Classes.classes.<locals>.Char object at 0x000002C322E0C390>,[],0
21,The Confederation of Cheese,"(29, 239)","[(29, 239)]","['0', '1', '0.5', '0.6', '0.4', '0.6', '0.5', '0.4', '0.5', '0.1', '1', '1']","['Pragmatic', 'Schemer', 'Content']",<Classes.classes.<locals>.Char object at 0x000002C322E0D5D0>,[],0
22,The Alliance of Apple,"(204, 140)","[(204, 140)]","['0', '1', '0.5', '0.6', '0.4', '0.6', '0.5', '0.4', '0.5', '0.1', '1', '1']","['Schemer', 'Content', 'Imperious']",<Classes.classes.<locals>.Char object at 0x000002C322E0CF10>,[],0
23,The Federation of Apple,"(86, 71)","[(86, 71)]","['0', '0.4', '0.2', '0.5', '1', '0', '0.7', '0.2', '1', '0', '0.3', '1']","['Pragmatic', 'Egotistical', 'Conservative']",<Classes.classes.<locals>.Char object at 0x000002C322E0C150>,[],0
24,The Duchy of Cheese,"(235, 145)","[(235, 145)]","['0', '0.3', '1', '0.5', '0', '0.7', '0.2', '0.5', '1', '0', '0.4', '1']","['Incompetent', 'Egotistical', 'Imperious']",<Classes.classes.<locals>.Char object at 0x000002C322E0EB90>,[],0
25,The Alliance of Cheese,"(119, 43)","[(119, 43)]","['0', '1', '0.4', '0.7', '0.3', '0.5', '0.5', '0.3', '1', '0.1', '0.8', '1']","['Imperious', 'Imperious', 'Content']",<Classes.classes.<locals>.Char object at 0x000002C322E0CB90>,[],0
26,The Duchy of Apple,"(198, 68)","[(198, 68)]","['0', '0.5', '0.5', '0.4', '0.2', '1', '0.3', '0.1', '1', '0', '0.8', '1']","['Reformist', 'Content', 'Pragmatic']",<Classes.classes.<locals>.Char object at 0x000002C322E0E1D0>,[],0
27,The Confederation of Apple,"(114, 131)","[(114, 131)]","['0', '0.4', '0.2', '0.5', '1', '0', '0.7', '0.2', '1', '0', '0.3', '1']","['Conservative', 'Incompetent', 'Reformist']",<Classes.classes.<locals>.Char object at 0x000002C322E0E650>,[],0
28,The Archduchy of Apple,"(35, 45)","[(35, 45)]","['0', '0.5', '0.5', '0.4', '0.2', '1', '0.3', '0.1', '1', '0', '0.8', '1']","['Content', 'Pragmatic', 'Content']",<Classes.classes.<locals>.Char object at 0x000002C322E0C3D0>,[],0
29,The Kingdom of Apple,"(7, 217)","[(7, 217)]","['0', '0.7', '0.1', '1', '0.4', '0.3', '0.7', '0.6', '1', '0', '0.5', '1']","['Conservative', 'Egotistical', 'Content']",<Classes.classes.<locals>.Char object at 0x000002C322E0FE10>,[],0
30,The Archduchy of Cheese,"(147, 157)","[(147, 157)]","['0', '0.5', '0.5', '0.4', '0.2', '1', '0.3', '0.1', '1', '0', '0.8', '1']","['Conservative', 'Reformist', 'Content']",<Classes.classes.<locals>.Char object at 0x000002C322E18290>,[],0
31,The Federation of Apple,"(41, 229)","[(41, 229)]","['0', '0.3', '1', '0.5', '0', '0.7', '0.2', '0.5', '1', '0', '0.4', '1']","['Imperious', 'Reformist', 'Content']",<Classes.classes.<locals>.Char object at 0x000002C322E18310>,[],0
32,The Union of Apple,"(188, 12)","[(188, 12)]","['0', '1', '0.5', '0.6', '0.4', '0.6', '0.5', '0.4', '0.5', '0.1', '1', '1']","['Imperious', 'Schemer', 'Ambitious']",<Classes.classes.<locals>.Char object at 0x000002C322E18250>,[],0
33,The Alliance of Apple,"(7, 59)","[(7, 59)]","['0', '0.4', '0.2', '0.5', '1', '0', '0.7', '0.2', '1', '0', '0.3', '1']","['Egotistical', 'Pragmatic', 'Pragmatic']",<Classes.classes.<locals>.Char object at 0x000002C322E18490>,[],0
34,The Duchy of Cheese,"(146, 44)","[(146, 44)]","['0', '0.7', '0.2', '1', '0.6', '0.4', '1', '0.6', '0', '0.4', '0.7', '1']","['Reformist', 'Competent', 'Competent']",<Classes.classes.<locals>.Char object at 0x000002C322E18510>,[],0
35,The Alliance of Apple,"(128, 156)","[(128, 156)]","['0', '0.4', '0.2', '0.5', '1', '0', '0.7', '0.2', '1', '0', '0.3', '1']","['Conservative', 'Schemer', 'Content']",<Classes.classes.<locals>.Char object at 0x000002C322E19550>,[],0
36,The Union of Cheese,"(25, 128)","[(25, 128)]","['0', '0.3', '1', '0.5', '0', '0.7', '0.2', '0.5', '1', '0', '0.4', '1']","['Ambitious', 'Schemer', 'Reformist']",<Classes.classes.<locals>.Char object at 0x000002C322E19510>,[],0
37,The Princedom of Cheese,"(13, 229)","[(13, 229)]","['0', '1', '0.4', '0.7', '0.3', '0.5', '0.5', '0.3', '1', '0.1', '0.8', '1']","['Conservative', 'Ambitious', 'Conservative']",<Classes.classes.<locals>.Char object at 0x000002C3225F9BD0>,[],0
38,The Federation of Apple,"(95, 23)","[(95, 23)]","['0', '0.5', '0.5', '0.4', '0.2', '1', '0.3', '0.1', '1', '0', '0.8', '1']","['Schemer', 'Incompetent', 'Content']",<Classes.classes.<locals>.Char object at 0x000002C322E1A2D0>,[],0
39,The Confederation of Cheese,"(244, 103)","[(244, 103)]","['0', '0.7', '0.2', '1', '0.6', '0.4', '1', '0.6', '0', '0.4', '0.7', '1']","['Ambitious', 'Egotistical', 'Incompetent']",<Classes.classes.<locals>.Char object at 0x000002C322E19A90>,[],0
40,The Confederation of Cheese,"(216, 49)","[(216, 49)]","['0', '0.4', '0.2', '0.5', '1', '0', '0.7', '0.2', '1', '0', '0.3', '1']","['Incompetent', 'Competent', 'Incompetent']",<Classes.classes.<locals>.Char object at 0x000002C322E19E10>,[],0
41,The Empire of Apple,"(67, 114)","[(67, 114)]","['0', '0.3', '1', '0.5', '0', '0.7', '0.2', '0.5', '1', '0', '0.4', '1']","['Schemer', 'Incompetent', 'Ambitious']",<Classes.classes.<locals>.Char object at 0x000002C322E1AC90>,[],0
42,The Duchy of Apple,"(249, 189)","[(249, 189)]","['0', '1', '0.4', '0.7', '0.3', '0.5', '0.5', '0.3', '1', '0.1', '0.8', '1']","['Competent', 'Imperious', 'Competent']",<Classes.classes.<locals>.Char object at 0x000002C322E1B050>,[],0
43,The Kingdom of Apple,"(34, 131)","[(34, 131)]","['0', '0.5', '0.5', '0.4', '0.2', '1', '0.3', '0.1', '1', '0', '0.8', '1']","['Reformist', 'Pragmatic', 'Competent']",<Classes.classes.<locals>.Char object at 0x000002C322E1B410>,[],0
44,The Archduchy of Cheese,"(175, 56)","[(175, 56)]","['0', '1', '0.4', '0.7', '0.3', '0.5', '0.5', '0.3', '1', '0.1', '0.8', '1']","['Competent', 'Competent', 'Incompetent']",<Classes.classes.<locals>.Char object at 0x000002C322E20290>,[],0
45,The Duchy of Apple,"(29, 137)","[(29, 137)]","['0', '1', '0.4', '0.7', '0.3', '0.5', '0.5', '0.3', '1', '0.1', '0.8', '1']","['Content', 'Conservative', 'Imperious']",<Classes.classes.<locals>.Char object at 0x000002C322E20310>,[],0
46,The Duchy of Apple,"(75, 231)","[(75, 231)]","['0', '0.7', '0.2', '1', '0.6', '0.4', '1', '0.6', '0', '0.4', '0.7', '1']","['Egotistical', 'Reformist', 'Ambitious']",<Classes.classes.<locals>.Char object at 0x000002C322E20450>,[],0
47,The Federation of Cheese,"(229, 211)","[(229, 211)]","['0', '0.3', '1', '0.5', '0', '0.7', '0.2', '0.5', '1', '0', '0.4', '1']","['Ambitious', 'Competent', 'Ambitious']",<Classes.classes.<locals>.Char object at 0x000002C322E21050>,[],0
48,The Empire of Cheese,"(61, 74)","[(61, 74)]","['0', '0.3', '1', '0.5', '0', '0.7', '0.2', '0.5', '1', '0', '0.4', '1']","['Imperious', 'Schemer', 'Ambitious']",<Classes.classes.<locals>.Char object at 0x000002C322E20390>,[],0
49,The Duchy of Cheese,"(207, 142)","[(207, 142)]","['0', '0.7', '0.2', '1', '0.6', '0.4', '1', '0.6', '0', '0.4', '0.7', '1']","['Competent', 'Ambitious', 'Schemer']",<Classes.classes.<locals>.Char object at 0x000002C322E20D50>,[],0
50,The Duchy of Apple,"(105, 76)","[(105, 76)]","['0', '0.4', '0.2', '0.5', '1', '0', '0.7', '0.2', '1', '0', '0.3', '1']","['Egotistical', 'Imperious', 'Content']",<Classes.classes.<locals>.Char object at 0x000002C322E219D0>,[],0
51,The Union of Cheese,"(37, 100)","[(37, 100)]","['0', '0.7', '0.1', '1', '0.4', '0.3', '0.7', '0.6', '1', '0', '0.5', '1']","['Egotistical', 'Imperious', 'Ambitious']",<Classes.classes.<locals>.Char object at 0x000002C322E21A90>,[],0
52,The Union of Apple,"(51, 81)","[(51, 81)]","['0', '0.4', '0.2', '0.5', '1', '0', '0.7', '0.2', '1', '0', '0.3', '1']","['Competent', 'Schemer', 'Content']",<Classes.classes.<locals>.Char object at 0x000002C322E20510>,[],0
53,The Kingdom of Cheese,"(66, 103)","[(66, 103)]","['0', '0.7', '0.1', '1', '0.4', '0.3', '0.7', '0.6', '1', '0', '0.5', '1']","['Ambitious', 'Egotistical', 'Content']",<Classes.classes.<locals>.Char object at 0x000002C322E22890>,[],0
54,The Federation of Apple,"(117, 156)","[(117, 156)]","['0', '1', '0.4', '0.7', '0.3', '0.5', '0.5', '0.3', '1', '0.1', '0.8', '1']","['Ambitious', 'Egotistical', 'Schemer']",<Classes.classes.<locals>.Char object at 0x000002C322E22390>,[],0
55,The Archduchy of Cheese,"(100, 20)","[(100, 20)]","['0', '0.3', '1', '0.5', '0', '0.7', '0.2', '0.5', '1', '0', '0.4', '1']","['Content', 'Incompetent', 'Ambitious']",<Classes.classes.<locals>.Char object at 0x000002C322E214D0>,[],0
56,The Alliance of Cheese,"(115, 65)","[(115, 65)]","['0', '0.3', '1', '0.5', '0', '0.7', '0.2', '0.5', '1', '0', '0.4', '1']","['Egotistical', 'Pragmatic', 'Ambitious']",<Classes.classes.<locals>.Char object at 0x000002C322E22550>,[],0
57,The Archduchy of Apple,"(103, 145)","[(103, 145)]","['0', '0.3', '1', '0.5', '0', '0.7', '0.2', '0.5', '1', '0', '0.4', '1']","['Competent', 'Reformist', 'Reformist']",<Classes.classes.<locals>.Char object at 0x000002C322E23A90>,[],0
58,The Federation of Cheese,"(129, 6)","[(129, 6)]","['0', '0.3', '1', '0.5', '0', '0.7', '0.2', '0.5', '1', '0', '0.4', '1']","['Ambitious', 'Reformist', 'Reformist']",<Classes.classes.<locals>.Char object at 0x000002C322E28550>,[],0
59,The Alliance of Cheese,"(72, 200)","[(72, 200)]","['0', '0.3', '1', '0.5', '0', '0.7', '0.2', '0.5', '1', '0', '0.4', '1']","['Competent', 'Egotistical', 'Pragmatic']",<Classes.classes.<locals>.Char object at 0x000002C322E285D0>,[],0
60,The Alliance of Cheese,"(53, 209)","[(53, 209)]","['0', '1', '0.4', '0.7', '0.3', '0.5', '0.5', '0.3', '1', '0.1', '0.8', '1']","['Schemer', 'Incompetent', 'Ambitious']",<Classes.classes.<locals>.Char object at 0x000002C322E28810>,[],0
61,The Kingdom of Apple,"(47, 90)","[(47, 90)]","['0', '0.7', '0.1', '1', '0.4', '0.3', '0.7', '0.6', '1', '0', '0.5', '1']","['Ambitious', 'Ambitious', 'Imperious']",<Classes.classes.<locals>.Char object at 0x000002C322E28610>,[],0
62,The Archduchy of Cheese,"(49, 210)","[(49, 210)]","['0', '0.3', '1', '0.5', '0', '0.7', '0.2', '0.5', '1', '0', '0.4', '1']","['Egotistical', 'Egotistical', 'Imperious']",<Classes.classes.<locals>.Char object at 0x000002C322E28790>,[],0
63,The Duchy of Apple,"(98, 237)","[(98, 237)]","['0', '0.7', '0.2', '1', '0.6', '0.4', '1', '0.6', '0', '0.4', '0.7', '1']","['Ambitious', 'Ambitious', 'Egotistical']",<Classes.classes.<locals>.Char object at 0x000002C322E28650>,[],0
64,The Union of Cheese,"(72, 138)","[(72, 138)]","['0', '0.4', '0.2', '0.5', '1', '0', '0.7', '0.2', '1', '0', '0.3', '1']","['Content', 'Imperious', 'Egotistical']",<Classes.classes.<locals>.Char object at 0x000002C322E2A010>,[],0
65,The Federation of Apple,"(35, 107)","[(35, 107)]","['0', '0.7', '0.2', '1', '0.6', '0.4', '1', '0.6', '0', '0.4', '0.7', '1']","['Imperious', 'Conservative', 'Competent']",<Classes.classes.<locals>.Char object at 0x000002C322E29750>,[],0
66,The Alliance of Apple,"(204, 179)","[(204, 179)]","['0', '0.5', '0.5', '0.4', '0.2', '1', '0.3', '0.1', '1', '0', '0.8', '1']","['Schemer', 'Incompetent', 'Reformist']",<Classes.classes.<locals>.Char object at 0x000002C322E29150>,[],0
67,The Empire of Cheese,"(109, 210)","[(109, 210)]","['0', '0.4', '0.2', '0.5', '1', '0', '0.7', '0.2', '1', '0', '0.3', '1']","['Pragmatic', 'Egotistical', 'Competent']",<Classes.classes.<locals>.Char object at 0x000002C322E2AA50>,[],0
68,The Archduchy of Cheese,"(161, 60)","[(161, 60)]","['0', '0.5', '0.5', '0.4', '0.2', '1', '0.3', '0.1', '1', '0', '0.8', '1']","['Ambitious', 'Conservative', 'Egotistical']",<Classes.classes.<locals>.Char object at 0x000002C322E287D0>,[],0
69,The Federation of Cheese,"(49, 69)","[(49, 69)]","['0', '0.4', '0.2', '0.5', '1', '0', '0.7', '0.2', '1', '0', '0.3', '1']","['Schemer', 'Egotistical', 'Pragmatic']",<Classes.classes.<locals>.Char object at 0x000002C322E29D90>,[],0
70,The Union of Cheese,"(172, 249)","[(172, 249)]","['0', '1', '0.5', '0.6', '0.4', '0.6', '0.5', '0.4', '0.5', '0.1', '1', '1']","['Content', 'Ambitious', 'Ambitious']",<Classes.classes.<locals>.Char object at 0x000002C322E29E10>,[],0
71,The Kingdom of Apple,"(92, 8)","[(92, 8)]","['0', '0.7', '0.1', '1', '0.4', '0.3', '0.7', '0.6', '1', '0', '0.5', '1']","['Competent', 'Ambitious', 'Reformist']",<Classes.classes.<locals>.Char object at 0x000002C322E2A810>,[],0
72,The Federation of Apple,"(246, 185)","[(246, 185)]","['0', '0.4', '0.2', '0.5', '1', '0', '0.7', '0.2', '1', '0', '0.3', '1']","['Pragmatic', 'Competent', 'Reformist']",<Classes.classes.<locals>.Char object at 0x000002C322E34150>,[],0
73,The Princedom of Apple,"(231, 196)","[(231, 196)]","['0', '0.4', '0.2', '0.5', '1', '0', '0.7', '0.2', '1', '0', '0.3', '1']","['Competent', 'Conservative', 'Egotistical']",<Classes.classes.<locals>.Char object at 0x000002C322E34250>,[],0
74,The Confederation of Cheese,"(129, 12)","[(129, 12)]","['0', '1', '0.4', '0.7', '0.3', '0.5', '0.5', '0.3', '1', '0.1', '0.8', '1']","['Egotistical', 'Pragmatic', 'Reformist']",<Classes.classes.<locals>.Char object at 0x000002C322E34110>,[],0
75,The Confederation of Cheese,"(122, 229)","[(122, 229)]","['0', '0.7', '0.2', '1', '0.6', '0.4', '1', '0.6', '0', '0.4', '0.7', '1']","['Ambitious', 'Competent', 'Competent']",<Classes.classes.<locals>.Char object at 0x000002C322E34290>,[],0
76,The Confederation of Cheese,"(217, 244)","[(217, 244)]","['0', '0.5', '0.5', '0.4', '0.2', '1', '0.3', '0.1', '1', '0', '0.8', '1']","['Pragmatic', 'Pragmatic', 'Incompetent']",<Classes.classes.<locals>.Char object at 0x000002C322E34090>,[],0
77,The Princedom of Apple,"(68, 12)","[(68, 12)]","['0', '1', '0.5', '0.6', '0.4', '0.6', '0.5', '0.4', '0.5', '0.1', '1', '1']","['Pragmatic', 'Conservative', 'Ambitious']",<Classes.classes.<locals>.Char object at 0x000002C322E35010>,[],0
78,The Princedom of Apple,"(205, 203)","[(205, 203)]","['0', '0.7', '0.2', '1', '0.6', '0.4', '1', '0.6', '0', '0.4', '0.7', '1']","['Reformist', 'Ambitious', 'Imperious']",<Classes.classes.<locals>.Char object at 0x000002C322E34A90>,[],0
79,The Kingdom of Apple,"(122, 125)","[(122, 125)]","['0', '0.7', '0.1', '1', '0.4', '0.3', '0.7', '0.6', '1', '0', '0.5', '1']","['Incompetent', 'Schemer', 'Egotistical']",<Classes.classes.<locals>.Char object at 0x000002C322E34510>,[],0
80,The Empire of Cheese,"(14, 198)","[(14, 198)]","['0', '1', '0.4', '0.7', '0.3', '0.5', '0.5', '0.3', '1', '0.1', '0.8', '1']","['Ambitious', 'Reformist', 'Reformist']",<Classes.classes.<locals>.Char object at 0x000002C322E363D0>,[],0
81,The Archduchy of Cheese,"(198, 149)","[(198, 149)]","['0', '1', '0.4', '0.7', '0.3', '0.5', '0.5', '0.3', '1', '0.1', '0.8', '1']","['Imperious', 'Ambitious', 'Ambitious']",<Classes.classes.<locals>.Char object at 0x000002C322E35290>,[],0
82,The Duchy of Cheese,"(143, 29)","[(143, 29)]","['0', '0.7', '0.2', '1', '0.6', '0.4', '1', '0.6', '0', '0.4', '0.7', '1']","['Egotistical', 'Imperious', 'Ambitious']",<Classes.classes.<locals>.Char object at 0x000002C322E36350>,[],0
83,The Empire of Apple,"(171, 133)","[(171, 133)]","['0', '0.7', '0.1', '1', '0.4', '0.3', '0.7', '0.6', '1', '0', '0.5', '1']","['Egotistical', 'Ambitious', 'Content']",<Classes.classes.<locals>.Char object at 0x000002C322E341D0>,[],0
84,The Confederation of Cheese,"(99, 74)","[(99, 74)]","['0', '0.5', '0.5', '0.4', '0.2', '1', '0.3', '0.1', '1', '0', '0.8', '1']","['Imperious', 'Reformist', 'Imperious']",<Classes.classes.<locals>.Char object at 0x000002C322E37B10>,[],0
85,The Empire of Cheese,"(67, 71)","[(67, 71)]","['0', '0.3', '1', '0.5', '0', '0.7', '0.2', '0.5', '1', '0', '0.4', '1']","['Schemer', 'Egotistical', 'Ambitious']",<Classes.classes.<locals>.Char object at 0x000002C322E40490>,[],0
86,The Federation of Apple,"(117, 68)","[(117, 68)]","['0', '1', '0.5', '0.6', '0.4', '0.6', '0.5', '0.4', '0.5', '0.1', '1', '1']","['Egotistical', 'Ambitious', 'Schemer']",<Classes.classes.<locals>.Char object at 0x000002C322E40410>,[],0
87,The Princedom of Apple,"(112, 198)","[(112, 198)]","['0', '1', '0.5', '0.6', '0.4', '0.6', '0.5', '0.4', '0.5', '0.1', '1', '1']","['Incompetent', 'Schemer', 'Conservative']",<Classes.classes.<locals>.Char object at 0x000002C322E40610>,[],0
88,The Archduchy of Cheese,"(107, 246)","[(107, 246)]","['0', '0.7', '0.1', '1', '0.4', '0.3', '0.7', '0.6', '1', '0', '0.5', '1']","['Pragmatic', 'Conservative', 'Ambitious']",<Classes.classes.<locals>.Char object at 0x000002C322E40550>,[],0
89,The Archduchy of Apple,"(49, 210)","[(49, 210)]","['0', '1', '0.4', '0.7', '0.3', '0.5', '0.5', '0.3', '1', '0.1', '0.8', '1']","['Incompetent', 'Ambitious', 'Reformist']",<Classes.classes.<locals>.Char object at 0x000002C322E29A90>,[],0
90,The Union of Apple,"(49, 76)","[(49, 76)]","['0', '0.5', '0.5', '0.4', '0.2', '1', '0.3', '0.1', '1', '0', '0.8', '1']","['Conservative', 'Competent', 'Egotistical']",<Classes.classes.<locals>.Char object at 0x000002C322E40250>,[],0
91,The Archduchy of Cheese,"(119, 51)","[(119, 51)]","['0', '0.5', '0.5', '0.4', '0.2', '1', '0.3', '0.1', '1', '0', '0.8', '1']","['Conservative', 'Incompetent', 'Imperious']",<Classes.classes.<locals>.Char object at 0x000002C322E406D0>,[],0
92,The Archduchy of Cheese,"(5, 46)","[(5, 46)]","['0', '0.5', '0.5', '0.4', '0.2', '1', '0.3', '0.1', '1', '0', '0.8', '1']","['Reformist', 'Incompetent', 'Competent']",<Classes.classes.<locals>.Char object at 0x000002C322E41190>,[],0
93,The Duchy of Cheese,"(223, 47)","[(223, 47)]","['0', '1', '0.5', '0.6', '0.4', '0.6', '0.5', '0.4', '0.5', '0.1', '1', '1']","['Conservative', 'Content', 'Content']",<Classes.classes.<locals>.Char object at 0x000002C322E41210>,[],0
94,The Alliance of Cheese,"(114, 107)","[(114, 107)]","['0', '0.5', '0.5', '0.4', '0.2', '1', '0.3', '0.1', '1', '0', '0.8', '1']","['Reformist', 'Competent', 'Ambitious']",<Classes.classes.<locals>.Char object at 0x000002C322E405D0>,[],0
95,The Confederation of Cheese,"(242, 132)","[(242, 132)]","['0', '0.7', '0.2', '1', '0.6', '0.4', '1', '0.6', '0', '0.4', '0.7', '1']","['Competent', 'Content', 'Pragmatic']",<Classes.classes.<locals>.Char object at 0x000002C322E42990>,[],0
96,The Federation of Cheese,"(238, 172)","[(238, 172)]","['0', '0.3', '1', '0.5', '0', '0.7', '0.2', '0.5', '1', '0', '0.4', '1']","['Incompetent', 'Pragmatic', 'Egotistical']",<Classes.classes.<locals>.Char object at 0x000002C322E40D90>,[],0
97,The Duchy of Cheese,"(57, 97)","[(57, 97)]","['0', '1', '0.5', '0.6', '0.4', '0.6', '0.5', '0.4', '0.5', '0.1', '1', '1']","['Imperious', 'Ambitious', 'Competent']",<Classes.classes.<locals>.Char object at 0x000002C322E43B90>,[],0
98,The Federation of Cheese,"(236, 118)","[(236, 118)]","['0', '0.3', '1', '0.5', '0', '0.7', '0.2', '0.5', '1', '0', '0.4', '1']","['Incompetent', 'Content', 'Conservative']",<Classes.classes.<locals>.Char object at 0x000002C322E412D0>,[],0
99,The Kingdom of Apple,"(223, 4)","[(223, 4)]","['0', '0.7', '0.2', '1', '0.6', '0.4', '1', '0.6', '0', '0.4', '0.7', '1']","['Content', 'Reformist', 'Competent']",<Classes.classes.<locals>.Char object at 0x000002C322E48190>,[],0
100,The Alliance of Apple,"(78, 40)","[(78, 40)]","['0', '0.5', '0.5', '0.4', '0.2', '1', '0.3', '0.1', '1', '0', '0.8', '1']","['Competent', 'Pragmatic', 'Pragmatic']",<Classes.classes.<locals>.Char object at 0x000002C322E48A10>,[],0
101,The Confederation of Cheese,"(164, 105)","[(164, 105)]","['0', '0.3', '1', '0.5', '0', '0.7', '0.2', '0.5', '1', '0', '0.4', '1']","['Content', 'Egotistical', 'Content']",<Classes.classes.<locals>.Char object at 0x000002C322E48090>,[],0
102,The Archduchy of Apple,"(150, 140)","[(150, 140)]","['0', '0.5', '0.5', '0.4', '0.2', '1', '0.3', '0.1', '1', '0', '0.8', '1']","['Pragmatic', 'Pragmatic', 'Ambitious']",<Classes.classes.<locals>.Char object at 0x000002C322E48510>,[],0
103,The Alliance of Apple,"(223, 190)","[(223, 190)]","['0', '0.3', '1', '0.5', '0', '0.7', '0.2', '0.5', '1', '0', '0.4', '1']","['Ambitious', 'Egotistical', 'Pragmatic']",<Classes.classes.<locals>.Char object at 0x000002C322E48590>,[],0
104,The Alliance of Apple,"(112, 52)","[(112, 52)]","['0', '0.4', '0.2', '0.5', '1', '0', '0.7', '0.2', '1', '0', '0.3', '1']","['Imperious', 'Egotistical', 'Pragmatic']",<Classes.classes.<locals>.Char object at 0x000002C322E48150>,[],0
105,The Confederation of Apple,"(173, 106)","[(173, 106)]","['0', '1', '0.5', '0.6', '0.4', '0.6', '0.5', '0.4', '0.5', '0.1', '1', '1']","['Ambitious', 'Imperious', 'Conservative']",<Classes.classes.<locals>.Char object at 0x000002C322E48ED0>,[],0
106,The Kingdom of Cheese,"(204, 54)","[(204, 54)]","['0', '0.7', '0.1', '1', '0.4', '0.3', '0.7', '0.6', '1', '0', '0.5', '1']","['Pragmatic', 'Competent', 'Reformist']",<Classes.classes.<locals>.Char object at 0x000002C322E49490>,[],0
107,The Union of Cheese,"(127, 52)","[(127, 52)]","['0', '0.7', '0.1', '1', '0.4', '0.3', '0.7', '0.6', '1', '0', '0.5', '1']","['Imperious', 'Competent', 'Ambitious']",<Classes.classes.<locals>.Char object at 0x000002C322E49850>,[],0
108,The Duchy of Cheese,"(166, 98)","[(166, 98)]","['0', '0.7', '0.1', '1', '0.4', '0.3', '0.7', '0.6', '1', '0', '0.5', '1']","['Reformist', 'Schemer', 'Egotistical']",<Classes.classes.<locals>.Char object at 0x000002C322E49E10>,[],0
109,The Union of Cheese,"(173, 89)","[(173, 89)]","['0', '0.5', '0.5', '0.4', '0.2', '1', '0.3', '0.1', '1', '0', '0.8', '1']","['Conservative', 'Content', 'Conservative']",<Classes.classes.<locals>.Char object at 0x000002C322E4A1D0>,[],0
110,The Confederation of Cheese,"(246, 199)","[(246, 199)]","['0', '1', '0.4', '0.7', '0.3', '0.5', '0.5', '0.3', '1', '0.1', '0.8', '1']","['Imperious', 'Imperious', 'Incompetent']",<Classes.classes.<locals>.Char object at 0x000002C322E4A750>,[],0
111,The Alliance of Cheese,"(8, 180)","[(8, 180)]","['0', '0.7', '0.2', '1', '0.6', '0.4', '1', '0.6', '0', '0.4', '0.7', '1']","['Incompetent', 'Egotistical', 'Imperious']",<Classes.classes.<locals>.Char object at 0x000002C322E48810>,[],0
112,The Empire of Apple,"(3, 223)","[(3, 223)]","['0', '0.7', '0.2', '1', '0.6', '0.4', '1', '0.6', '0', '0.4', '0.7', '1']","['Reformist', 'Imperious', 'Schemer']",<Classes.classes.<locals>.Char object at 0x000002C322E503D0>,[],0
113,The Empire of Cheese,"(14, 67)","[(14, 67)]","['0', '0.7', '0.1', '1', '0.4', '0.3', '0.7', '0.6', '1', '0', '0.5', '1']","['Imperious', 'Conservative', 'Reformist']",<Classes.classes.<locals>.Char object at 0x000002C322E50450>,[],0
114,The Kingdom of Cheese,"(244, 220)","[(244, 220)]","['0', '0.5', '0.5', '0.4', '0.2', '1', '0.3', '0.1', '1', '0', '0.8', '1']","['Schemer', 'Incompetent', 'Egotistical']",<Classes.classes.<locals>.Char object at 0x000002C322E50390>,[],0
115,The Archduchy of Cheese,"(234, 18)","[(234, 18)]","['0', '0.4', '0.2', '0.5', '1', '0', '0.7', '0.2', '1', '0', '0.3', '1']","['Incompetent', 'Competent', 'Reformist']",<Classes.classes.<locals>.Char object at 0x000002C322E50650>,[],0
116,The Kingdom of Cheese,"(85, 165)","[(85, 165)]","['0', '0.5', '0.5', '0.4', '0.2', '1', '0.3', '0.1', '1', '0', '0.8', '1']","['Conservative', 'Schemer', 'Content']",<Classes.classes.<locals>.Char object at 0x000002C322E50510>,[],0
117,The Empire of Apple,"(214, 107)","[(214, 107)]","['0', '0.7', '0.1', '1', '0.4', '0.3', '0.7', '0.6', '1', '0', '0.5', '1']","['Pragmatic', 'Incompetent', 'Incompetent']",<Classes.classes.<locals>.Char object at 0x000002C322E50D10>,[],0
118,The Alliance of Apple,"(207, 83)","[(207, 83)]","['0', '0.7', '0.1', '1', '0.4', '0.3', '0.7', '0.6', '1', '0', '0.5', '1']","['Reformist', 'Reformist', 'Content']",<Classes.classes.<locals>.Char object at 0x000002C322E517D0>,[],0
119,The Federation of Cheese,"(72, 172)","[(72, 172)]","['0', '0.5', '0.5', '0.4', '0.2', '1', '0.3', '0.1', '1', '0', '0.8', '1']","['Content', 'Ambitious', 'Reformist']",<Classes.classes.<locals>.Char object at 0x000002C322E50CD0>,[],0
120,The Duchy of Apple,"(80, 237)","[(80, 237)]","['0', '0.5', '0.5', '0.4', '0.2', '1', '0.3', '0.1', '1', '0', '0.8', '1']","['Competent', 'Conservative', 'Content']",<Classes.classes.<locals>.Char object at 0x000002C322E51390>,[],0
121,The Kingdom of Apple,"(41, 248)","[(41, 248)]","['0', '0.7', '0.2', '1', '0.6', '0.4', '1', '0.6', '0', '0.4', '0.7', '1']","['Competent', 'Egotistical', 'Content']",<Classes.classes.<locals>.Char object at 0x000002C322E51790>,[],0
122,The Confederation of Cheese,"(196, 97)","[(196, 97)]","['0', '0.7', '0.1', '1', '0.4', '0.3', '0.7', '0.6', '1', '0', '0.5', '1']","['Egotistical', 'Imperious', 'Egotistical']",<Classes.classes.<locals>.Char object at 0x000002C322E50810>,[],0
123,The Federation of Apple,"(217, 160)","[(217, 160)]","['0', '1', '0.5', '0.6', '0.4', '0.6', '0.5', '0.4', '0.5', '0.1', '1', '1']","['Imperious', 'Pragmatic', 'Reformist']",<Classes.classes.<locals>.Char object at 0x000002C322E51E10>,[],0
124,The Union of Cheese,"(165, 191)","[(165, 191)]","['0', '0.7', '0.1', '1', '0.4', '0.3', '0.7', '0.6', '1', '0', '0.5', '1']","['Incompetent', 'Reformist', 'Incompetent']",<Classes.classes.<locals>.Char object at 0x000002C322E522D0>,[],0
125,The Union of Cheese,"(117, 142)","[(117, 142)]","['0', '0.3', '1', '0.5', '0', '0.7', '0.2', '0.5', '1', '0', '0.4', '1']","['Pragmatic', 'Content', 'Content']",<Classes.classes.<locals>.Char object at 0x000002C322E53F90>,[],0
126,The Federation of Apple,"(172, 8)","[(172, 8)]","['0', '0.4', '0.2', '0.5', '1', '0', '0.7', '0.2', '1', '0', '0.3', '1']","['Incompetent', 'Conservative', 'Conservative']",<Classes.classes.<locals>.Char object at 0x000002C322E60050>,[],0
127,The Empire of Apple,"(92, 155)","[(92, 155)]","['0', '0.7', '0.2', '1', '0.6', '0.4', '1', '0.6', '0', '0.4', '0.7', '1']","['Reformist', 'Pragmatic', 'Content']",<Classes.classes.<locals>.Char object at 0x000002C322E60390>,[],0
128,The Empire of Apple,"(247, 137)","[(247, 137)]","['0', '0.5', '0.5', '0.4', '0.2', '1', '0.3', '0.1', '1', '0', '0.8', '1']","['Imperious', 'Pragmatic', 'Incompetent']",<Classes.classes.<locals>.Char object at 0x000002C322E60290>,[],0
129,The Empire of Apple,"(122, 165)","[(122, 165)]","['0', '1', '0.5', '0.6', '0.4', '0.6', '0.5', '0.4', '0.5', '0.1', '1', '1']","['Incompetent', 'Competent', 'Imperious']",<Classes.classes.<locals>.Char object at 0x000002C322E60310>,[],0
130,The Confederation of Apple,"(212, 130)","[(212, 130)]","['0', '1', '0.4', '0.7', '0.3', '0.5', '0.5', '0.3', '1', '0.1', '0.8', '1']","['Egotistical', 'Egotistical', 'Schemer']",<Classes.classes.<locals>.Char object at 0x000002C322E607D0>,[],0
131,The Confederation of Cheese,"(136, 50)","[(136, 50)]","['0', '0.5', '0.5', '0.4', '0.2', '1', '0.3', '0.1', '1', '0', '0.8', '1']","['Competent', 'Ambitious', 'Content']",<Classes.classes.<locals>.Char object at 0x000002C322E614D0>,[],0
132,The Union of Cheese,"(139, 147)","[(139, 147)]","['0', '0.5', '0.5', '0.4', '0.2', '1', '0.3', '0.1', '1', '0', '0.8', '1']","['Imperious', 'Egotistical', 'Imperious']",<Classes.classes.<locals>.Char object at 0x000002C322E60D50>,[],0
133,The Confederation of Apple,"(183, 215)","[(183, 215)]","['0', '0.7', '0.1', '1', '0.4', '0.3', '0.7', '0.6', '1', '0', '0.5', '1']","['Schemer', 'Imperious', 'Reformist']",<Classes.classes.<locals>.Char object at 0x000002C322E61A90>,[],0
134,The Archduchy of Cheese,"(105, 235)","[(105, 235)]","['0', '0.3', '1', '0.5', '0', '0.7', '0.2', '0.5', '1', '0', '0.4', '1']","['Schemer', 'Reformist', 'Conservative']",<Classes.classes.<locals>.Char object at 0x000002C322E60250>,[],0
135,The Union of Cheese,"(219, 23)","[(219, 23)]","['0', '1', '0.5', '0.6', '0.4', '0.6', '0.5', '0.4', '0.5', '0.1', '1', '1']","['Incompetent', 'Imperious', 'Pragmatic']",<Classes.classes.<locals>.Char object at 0x000002C322E61A50>,[],0
136,The Alliance of Apple,"(104, 141)","[(104, 141)]","['0', '0.4', '0.2', '0.5', '1', '0', '0.7', '0.2', '1', '0', '0.3', '1']","['Competent', 'Imperious', 'Content']",<Classes.classes.<locals>.Char object at 0x000002C322E62810>,[],0
137,The Archduchy of Apple,"(210, 57)","[(210, 57)]","['0', '0.5', '0.5', '0.4', '0.2', '1', '0.3', '0.1', '1', '0', '0.8', '1']","['Content', 'Imperious', 'Reformist']",<Classes.classes.<locals>.Char object at 0x000002C322E62850>,[],0
138,The Duchy of Apple,"(84, 74)","[(84, 74)]","['0', '0.7', '0.1', '1', '0.4', '0.3', '0.7', '0.6', '1', '0', '0.5', '1']","['Pragmatic', 'Conservative', 'Reformist']",<Classes.classes.<locals>.Char object at 0x000002C322E63890>,[],0
139,The Union of Cheese,"(114, 160)","[(114, 160)]","['0', '0.4', '0.2', '0.5', '1', '0', '0.7', '0.2', '1', '0', '0.3', '1']","['Conservative', 'Conservative', 'Content']",<Classes.classes.<locals>.Char object at 0x000002C322E68410>,[],0
140,The Confederation of Apple,"(219, 60)","[(219, 60)]","['0', '0.7', '0.1', '1', '0.4', '0.3', '0.7', '0.6', '1', '0', '0.5', '1']","['Egotistical', 'Competent', 'Egotistical']",<Classes.classes.<locals>.Char object at 0x000002C322E68490>,[],0
141,The Confederation of Apple,"(24, 160)","[(24, 160)]","['0', '0.5', '0.5', '0.4', '0.2', '1', '0.3', '0.1', '1', '0', '0.8', '1']","['Conservative', 'Pragmatic', 'Egotistical']",<Classes.classes.<locals>.Char object at 0x000002C322E68510>,[],0
142,The Federation of Apple,"(203, 89)","[(203, 89)]","['0', '0.7', '0.1', '1', '0.4', '0.3', '0.7', '0.6', '1', '0', '0.5', '1']","['Incompetent', 'Imperious', 'Conservative']",<Classes.classes.<locals>.Char object at 0x000002C322E684D0>,[],0
143,The Union of Cheese,"(233, 28)","[(233, 28)]","['0', '0.7', '0.2', '1', '0.6', '0.4', '1', '0.6', '0', '0.4', '0.7', '1']","['Competent', 'Egotistical', 'Imperious']",<Classes.classes.<locals>.Char object at 0x000002C322E68A50>,[],0
144,The Union of Cheese,"(220, 130)","[(220, 130)]","['0', '0.7', '0.2', '1', '0.6', '0.4', '1', '0.6', '0', '0.4', '0.7', '1']","['Conservative', 'Competent', 'Pragmatic']",<Classes.classes.<locals>.Char object at 0x000002C322E68290>,[],0
145,The Archduchy of Apple,"(181, 117)","[(181, 117)]","['0', '0.7', '0.2', '1', '0.6', '0.4', '1', '0.6', '0', '0.4', '0.7', '1']","['Pragmatic', 'Conservative', 'Conservative']",<Classes.classes.<locals>.Char object at 0x000002C322E69510>,[],0
146,The Confederation of Cheese,"(120, 221)","[(120, 221)]","['0', '1', '0.4', '0.7', '0.3', '0.5', '0.5', '0.3', '1', '0.1', '0.8', '1']","['Reformist', 'Ambitious', 'Imperious']",<Classes.classes.<locals>.Char object at 0x000002C322E68590>,[],0
147,The Union of Cheese,"(90, 140)","[(90, 140)]","['0', '0.7', '0.1', '1', '0.4', '0.3', '0.7', '0.6', '1', '0', '0.5', '1']","['Egotistical', 'Conservative', 'Egotistical']",<Classes.classes.<locals>.Char object at 0x000002C322E69C90>,[],0
148,The Confederation of Cheese,"(2, 227)","[(2, 227)]","['0', '1', '0.5', '0.6', '0.4', '0.6', '0.5', '0.4', '0.5', '0.1', '1', '1']","['Pragmatic', 'Conservative', 'Imperious']",<Classes.classes.<locals>.Char object at 0x000002C322E69E90>,[],0
149,The Duchy of Apple,"(59, 96)","[(59, 96)]","['0', '0.5', '0.5', '0.4', '0.2', '1', '0.3', '0.1', '1', '0', '0.8', '1']","['Reformist', 'Schemer', 'Ambitious']",<Classes.classes.<locals>.Char object at 0x000002C322E69DD0>,[],0
150,The Union of Cheese,"(170, 154)","[(170, 154)]","['0', '0.5', '0.5', '0.4', '0.2', '1', '0.3', '0.1', '1', '0', '0.8', '1']","['Content', 'Imperious', 'Conservative']",<Classes.classes.<locals>.Char object at 0x000002C322E69BD0>,[],0
151,The Duchy of Apple,"(208, 200)","[(208, 200)]","['0', '0.5', '0.5', '0.4', '0.2', '1', '0.3', '0.1', '1', '0', '0.8', '1']","['Incompetent', 'Competent', 'Incompetent']",<Classes.classes.<locals>.Char object at 0x000002C322E68AD0>,[],0
152,The Federation of Apple,"(217, 12)","[(217, 12)]","['0', '0.7', '0.1', '1', '0.4', '0.3', '0.7', '0.6', '1', '0', '0.5', '1']","['Reformist', 'Schemer', 'Imperious']",<Classes.classes.<locals>.Char object at 0x000002C322E6A990>,[],0
153,The Archduchy of Apple,"(224, 65)","[(224, 65)]","['0', '1', '0.4', '0.7', '0.3', '0.5', '0.5', '0.3', '1', '0.1', '0.8', '1']","['Ambitious', 'Conservative', 'Incompetent']",<Classes.classes.<locals>.Char object at 0x000002C322E6C210>,[],0
154,The Duchy of Cheese,"(145, 179)","[(145, 179)]","['0', '0.4', '0.2', '0.5', '1', '0', '0.7', '0.2', '1', '0', '0.3', '1']","['Pragmatic', 'Ambitious', 'Egotistical']",<Classes.classes.<locals>.Char object at 0x000002C322E6C290>,[],0
155,The Federation of Cheese,"(78, 206)","[(78, 206)]","['0', '0.3', '1', '0.5', '0', '0.7', '0.2', '0.5', '1', '0', '0.4', '1']","['Content', 'Pragmatic', 'Content']",<Classes.classes.<locals>.Char object at 0x000002C322E6C310>,[],0
156,The Federation of Apple,"(73, 127)","[(73, 127)]","['0', '0.7', '0.2', '1', '0.6', '0.4', '1', '0.6', '0', '0.4', '0.7', '1']","['Conservative', 'Ambitious', 'Pragmatic']",<Classes.classes.<locals>.Char object at 0x000002C322E6C2D0>,[],0
157,The Union of Apple,"(152, 144)","[(152, 144)]","['0', '1', '0.4', '0.7', '0.3', '0.5', '0.5', '0.3', '1', '0.1', '0.8', '1']","['Conservative', 'Competent', 'Imperious']",<Classes.classes.<locals>.Char object at 0x000002C322E6C350>,[],0
158,The Confederation of Cheese,"(246, 47)","[(246, 47)]","['0', '0.7', '0.1', '1', '0.4', '0.3', '0.7', '0.6', '1', '0', '0.5', '1']","['Incompetent', 'Schemer', 'Imperious']",<Classes.classes.<locals>.Char object at 0x000002C322E6D010>,[],0
159,The Federation of Apple,"(78, 114)","[(78, 114)]","['0', '1', '0.4', '0.7', '0.3', '0.5', '0.5', '0.3', '1', '0.1', '0.8', '1']","['Incompetent', 'Egotistical', 'Schemer']",<Classes.classes.<locals>.Char object at 0x000002C322E6D250>,[],0
160,The Confederation of Apple,"(38, 234)","[(38, 234)]","['0', '1', '0.4', '0.7', '0.3', '0.5', '0.5', '0.3', '1', '0.1', '0.8', '1']","['Content', 'Competent', 'Reformist']",<Classes.classes.<locals>.Char object at 0x000002C322E6D350>,[],0
161,The Alliance of Apple,"(223, 181)","[(223, 181)]","['0', '0.7', '0.1', '1', '0.4', '0.3', '0.7', '0.6', '1', '0', '0.5', '1']","['Pragmatic', 'Pragmatic', 'Ambitious']",<Classes.classes.<locals>.Char object at 0x000002C322E6CBD0>,[],0
162,The Confederation of Cheese,"(197, 132)","[(197, 132)]","['0', '0.5', '0.5', '0.4', '0.2', '1', '0.3', '0.1', '1', '0', '0.8', '1']","['Competent', 'Reformist', 'Schemer']",<Classes.classes.<locals>.Char object at 0x000002C322E6E2D0>,[],0
163,The Empire of Cheese,"(93, 114)","[(93, 114)]","['0', '0.7', '0.2', '1', '0.6', '0.4', '1', '0.6', '0', '0.4', '0.7', '1']","['Pragmatic', 'Schemer', 'Egotistical']",<Classes.classes.<locals>.Char object at 0x000002C322E6F190>,[],0
164,The Duchy of Apple,"(131, 118)","[(131, 118)]","['0', '0.4', '0.2', '0.5', '1', '0', '0.7', '0.2', '1', '0', '0.3', '1']","['Pragmatic', 'Egotistical', 'Incompetent']",<Classes.classes.<locals>.Char object at 0x000002C322E6D310>,[],0
165,The Princedom of Cheese,"(143, 129)","[(143, 129)]","['0', '0.7', '0.2', '1', '0.6', '0.4', '1', '0.6', '0', '0.4', '0.7', '1']","['Conservative', 'Ambitious', 'Ambitious']",<Classes.classes.<locals>.Char object at 0x000002C322E6CB10>,[],0
166,The Confederation of Cheese,"(117, 142)","[(117, 142)]","['0', '0.7', '0.1', '1', '0.4', '0.3', '0.7', '0.6', '1', '0', '0.5', '1']","['Incompetent', 'Pragmatic', 'Content']",<Classes.classes.<locals>.Char object at 0x000002C322E52350>,[],0
167,The Union of Apple,"(192, 173)","[(192, 173)]","['0', '1', '0.4', '0.7', '0.3', '0.5', '0.5', '0.3', '1', '0.1', '0.8', '1']","['Content', 'Incompetent', 'Incompetent']",<Classes.classes.<locals>.Char object at 0x000002C322E7C490>,[],0
168,The Confederation of Cheese,"(43, 9)","[(43, 9)]","['0', '0.7', '0.2', '1', '0.6', '0.4', '1', '0.6', '0', '0.4', '0.7', '1']","['Ambitious', 'Schemer', 'Pragmatic']",<Classes.classes.<locals>.Char object at 0x000002C322E7C750>,[],0
169,The Federation of Cheese,"(78, 206)","[(78, 206)]","['0', '0.3', '1', '0.5', '0', '0.7', '0.2', '0.5', '1', '0', '0.4', '1']","['Imperious', 'Competent', 'Ambitious']",<Classes.classes.<locals>.Char object at 0x000002C322E6D050>,[],0
170,The Archduchy of Cheese,"(47, 42)","[(47, 42)]","['0', '0.4', '0.2', '0.5', '1', '0', '0.7', '0.2', '1', '0', '0.3', '1']","['Content', 'Competent', 'Conservative']",<Classes.classes.<locals>.Char object at 0x000002C322E7CC90>,[],0
171,The Archduchy of Cheese,"(205, 243)","[(205, 243)]","['0', '0.7', '0.2', '1', '0.6', '0.4', '1', '0.6', '0', '0.4', '0.7', '1']","['Content', 'Ambitious', 'Reformist']",<Classes.classes.<locals>.Char object at 0x000002C322E7C710>,[],0
172,The Confederation of Cheese,"(149, 92)","[(149, 92)]","['0', '1', '0.5', '0.6', '0.4', '0.6', '0.5', '0.4', '0.5', '0.1', '1', '1']","['Imperious', 'Ambitious', 'Ambitious']",<Classes.classes.<locals>.Char object at 0x000002C322E7C5D0>,[],0
173,The Kingdom of Cheese,"(243, 92)","[(243, 92)]","['0', '0.4', '0.2', '0.5', '1', '0', '0.7', '0.2', '1', '0', '0.3', '1']","['Content', 'Schemer', 'Imperious']",<Classes.classes.<locals>.Char object at 0x000002C322E7C510>,[],0
174,The Federation of Apple,"(90, 115)","[(90, 115)]","['0', '0.4', '0.2', '0.5', '1', '0', '0.7', '0.2', '1', '0', '0.3', '1']","['Reformist', 'Competent', 'Content']",<Classes.classes.<locals>.Char object at 0x000002C322E7CCD0>,[],0
175,The Union of Cheese,"(236, 117)","[(236, 117)]","['0', '0.7', '0.1', '1', '0.4', '0.3', '0.7', '0.6', '1', '0', '0.5', '1']","['Competent', 'Incompetent', 'Pragmatic']",<Classes.classes.<locals>.Char object at 0x000002C322E7CAD0>,[],0
176,The Princedom of Cheese,"(210, 212)","[(210, 212)]","['0', '0.5', '0.5', '0.4', '0.2', '1', '0.3', '0.1', '1', '0', '0.8', '1']","['Imperious', 'Egotistical', 'Ambitious']",<Classes.classes.<locals>.Char object at 0x000002C322E7DCD0>,[],0
177,The Princedom of Apple,"(235, 18)","[(235, 18)]","['0', '1', '0.5', '0.6', '0.4', '0.6', '0.5', '0.4', '0.5', '0.1', '1', '1']","['Incompetent', 'Imperious', 'Incompetent']",<Classes.classes.<locals>.Char object at 0x000002C322E7DD10>,[],0
178,The Princedom of Apple,"(58, 73)","[(58, 73)]","['0', '0.4', '0.2', '0.5', '1', '0', '0.7', '0.2', '1', '0', '0.3', '1']","['Content', 'Ambitious', 'Conservative']",<Classes.classes.<locals>.Char object at 0x000002C322E7D2D0>,[],0
179,The Union of Apple,"(97, 167)","[(97, 167)]","['0', '0.7', '0.1', '1', '0.4', '0.3', '0.7', '0.6', '1', '0', '0.5', '1']","['Egotistical', 'Pragmatic', 'Egotistical']",<Classes.classes.<locals>.Char object at 0x000002C322E7E090>,[],0
180,The Alliance of Cheese,"(170, 151)","[(170, 151)]","['0', '0.5', '0.5', '0.4', '0.2', '1', '0.3', '0.1', '1', '0', '0.8', '1']","['Egotistical', 'Incompetent', 'Imperious']",<Classes.classes.<locals>.Char object at 0x000002C322E80890>,[],0
181,The Empire of Cheese,"(63, 35)","[(63, 35)]","['0', '1', '0.4', '0.7', '0.3', '0.5', '0.5', '0.3', '1', '0.1', '0.8', '1']","['Pragmatic', 'Schemer', 'Competent']",<Classes.classes.<locals>.Char object at 0x000002C322E80850>,[],0
182,The Alliance of Cheese,"(128, 132)","[(128, 132)]","['0', '1', '0.4', '0.7', '0.3', '0.5', '0.5', '0.3', '1', '0.1', '0.8', '1']","['Competent', 'Egotistical', 'Incompetent']",<Classes.classes.<locals>.Char object at 0x000002C322E80090>,[],0
183,The Federation of Apple,"(205, 56)","[(205, 56)]","['0', '0.4', '0.2', '0.5', '1', '0', '0.7', '0.2', '1', '0', '0.3', '1']","['Pragmatic', 'Competent', 'Reformist']",<Classes.classes.<locals>.Char object at 0x000002C322E80950>,[],0
184,The Duchy of Apple,"(90, 140)","[(90, 140)]","['0', '0.3', '1', '0.5', '0', '0.7', '0.2', '0.5', '1', '0', '0.4', '1']","['Competent', 'Conservative', 'Content']",<Classes.classes.<locals>.Char object at 0x000002C322E6A9D0>,[],0
185,The Confederation of Cheese,"(59, 218)","[(59, 218)]","['0', '1', '0.5', '0.6', '0.4', '0.6', '0.5', '0.4', '0.5', '0.1', '1', '1']","['Content', 'Schemer', 'Reformist']",<Classes.classes.<locals>.Char object at 0x000002C322E807D0>,[],0
186,The Confederation of Apple,"(77, 56)","[(77, 56)]","['0', '0.7', '0.2', '1', '0.6', '0.4', '1', '0.6', '0', '0.4', '0.7', '1']","['Competent', 'Content', 'Incompetent']",<Classes.classes.<locals>.Char object at 0x000002C322E81550>,[],0
187,The Federation of Cheese,"(201, 76)","[(201, 76)]","['0', '0.5', '0.5', '0.4', '0.2', '1', '0.3', '0.1', '1', '0', '0.8', '1']","['Conservative', 'Content', 'Schemer']",<Classes.classes.<locals>.Char object at 0x000002C322E81190>,[],0
188,The Confederation of Cheese,"(143, 129)","[(143, 129)]","['0', '0.7', '0.1', '1', '0.4', '0.3', '0.7', '0.6', '1', '0', '0.5', '1']","['Pragmatic', 'Conservative', 'Incompetent']",<Classes.classes.<locals>.Char object at 0x000002C322E6FFD0>,[],0
189,The Princedom of Cheese,"(135, 179)","[(135, 179)]","['0', '0.3', '1', '0.5', '0', '0.7', '0.2', '0.5', '1', '0', '0.4', '1']","['Schemer', 'Schemer', 'Competent']",<Classes.classes.<locals>.Char object at 0x000002C322E82090>,[],0
190,The Confederation of Apple,"(229, 216)","[(229, 216)]","['0', '1', '0.4', '0.7', '0.3', '0.5', '0.5', '0.3', '1', '0.1', '0.8', '1']","['Schemer', 'Content', 'Schemer']",<Classes.classes.<locals>.Char object at 0x000002C322E80910>,[],0
191,The Alliance of Cheese,"(186, 70)","[(186, 70)]","['0', '0.4', '0.2', '0.5', '1', '0', '0.7', '0.2', '1', '0', '0.3', '1']","['Pragmatic', 'Incompetent', 'Competent']",<Classes.classes.<locals>.Char object at 0x000002C322E829D0>,[],0
192,The Alliance of Cheese,"(162, 125)","[(162, 125)]","['0', '0.4', '0.2', '0.5', '1', '0', '0.7', '0.2', '1', '0', '0.3', '1']","['Conservative', 'Ambitious', 'Conservative']",<Classes.classes.<locals>.Char object at 0x000002C322E83950>,[],0
193,The Duchy of Cheese,"(179, 223)","[(179, 223)]","['0', '1', '0.5', '0.6', '0.4', '0.6', '0.5', '0.4', '0.5', '0.1', '1', '1']","['Egotistical', 'Conservative', 'Imperious']",<Classes.classes.<locals>.Char object at 0x000002C322E83E50>,[],0
194,The Federation of Apple,"(14, 131)","[(14, 131)]","['0', '0.7', '0.2', '1', '0.6', '0.4', '1', '0.6', '0', '0.4', '0.7', '1']","['Conservative', 'Imperious', 'Pragmatic']",<Classes.classes.<locals>.Char object at 0x000002C322E901D0>,[],0
195,The Duchy of Apple,"(126, 205)","[(126, 205)]","['0', '1', '0.5', '0.6', '0.4', '0.6', '0.5', '0.4', '0.5', '0.1', '1', '1']","['Pragmatic', 'Incompetent', 'Competent']",<Classes.classes.<locals>.Char object at 0x000002C322E900D0>,[],0
196,The Duchy of Apple,"(109, 155)","[(109, 155)]","['0', '0.3', '1', '0.5', '0', '0.7', '0.2', '0.5', '1', '0', '0.4', '1']","['Pragmatic', 'Content', 'Content']",<Classes.classes.<locals>.Char object at 0x000002C322E90250>,[],0
197,The Confederation of Apple,"(124, 207)","[(124, 207)]","['0', '0.3', '1', '0.5', '0', '0.7', '0.2', '0.5', '1', '0', '0.4', '1']","['Conservative', 'Incompetent', 'Incompetent']",<Classes.classes.<locals>.Char object at 0x000002C322E90410>,[],0
198,The Union of Apple,"(203, 155)","[(203, 155)]","['0', '0.3', '1', '0.5', '0', '0.7', '0.2', '0.5', '1', '0', '0.4', '1']","['Reformist', 'Content', 'Incompetent']",<Classes.classes.<locals>.Char object at 0x000002C322E90590>,[],0
199,The Empire of Cheese,"(161, 36)","[(161, 36)]","['0', '1', '0.5', '0.6', '0.4', '0.6', '0.5', '0.4', '0.5', '0.1', '1', '1']","['Imperious', 'Conservative', 'Incompetent']",<Classes.classes.<locals>.Char object at 0x000002C322E90F50>,[],0
200,The Confederation of Cheese,"(217, 128)","[(217, 128)]","['0', '0.3', '1', '0.5', '0', '0.7', '0.2', '0.5', '1', '0', '0.4', '1']","['Incompetent', 'Competent', 'Conservative']",<Classes.classes.<locals>.Char object at 0x000002C322E90F90>,[],0
201,The Archduchy of Cheese,"(202, 228)","[(202, 228)]","['0', '1', '0.5', '0.6', '0.4', '0.6', '0.5', '0.4', '0.5', '0.1', '1', '1']","['Competent', 'Schemer', 'Schemer']",<Classes.classes.<locals>.Char object at 0x000002C322E918D0>,[],0
202,The Kingdom of Cheese,"(204, 54)","[(204, 54)]","['0', '0.7', '0.2', '1', '0.6', '0.4', '1', '0.6', '0', '0.4', '0.7', '1']","['Egotistical', 'Egotistical', 'Egotistical']",<Classes.classes.<locals>.Char object at 0x000002C322E4A110>,[],0
203,The Federation of Cheese,"(107, 59)","[(107, 59)]","['0', '0.3', '1', '0.5', '0', '0.7', '0.2', '0.5', '1', '0', '0.4', '1']","['Incompetent', 'Pragmatic', 'Pragmatic']",<Classes.classes.<locals>.Char object at 0x000002C322E90050>,[],0
204,The Princedom of Cheese,"(112, 151)","[(112, 151)]","['0', '0.7', '0.1', '1', '0.4', '0.3', '0.7', '0.6', '1', '0', '0.5', '1']","['Ambitious', 'Schemer', 'Conservative']",<Classes.classes.<locals>.Char object at 0x000002C322E90A10>,[],0
205,The Union of Cheese,"(43, 215)","[(43, 215)]","['0', '1', '0.4', '0.7', '0.3', '0.5', '0.5', '0.3', '1', '0.1', '0.8', '1']","['Egotistical', 'Reformist', 'Competent']",<Classes.classes.<locals>.Char object at 0x000002C322E91410>,[],0
206,The Federation of Apple,"(17, 35)","[(17, 35)]","['0', '1', '0.4', '0.7', '0.3', '0.5', '0.5', '0.3', '1', '0.1', '0.8', '1']","['Ambitious', 'Egotistical', 'Content']",<Classes.classes.<locals>.Char object at 0x000002C322E93C10>,[],0
207,The Empire of Cheese,"(72, 16)","[(72, 16)]","['0', '0.7', '0.2', '1', '0.6', '0.4', '1', '0.6', '0', '0.4', '0.7', '1']","['Schemer', 'Competent', 'Ambitious']",<Classes.classes.<locals>.Char object at 0x000002C322E94310>,[],0
208,The Confederation of Cheese,"(217, 37)","[(217, 37)]","['0', '0.7', '0.2', '1', '0.6', '0.4', '1', '0.6', '0', '0.4', '0.7', '1']","['Egotistical', 'Incompetent', 'Pragmatic']",<Classes.classes.<locals>.Char object at 0x000002C322E94410>,[],0
209,The Kingdom of Cheese,"(171, 30)","[(171, 30)]","['0', '0.4', '0.2', '0.5', '1', '0', '0.7', '0.2', '1', '0', '0.3', '1']","['Reformist', 'Incompetent', 'Reformist']",<Classes.classes.<locals>.Char object at 0x000002C322E94290>,[],0
210,The Confederation of Apple,"(36, 156)","[(36, 156)]","['0', '0.3', '1', '0.5', '0', '0.7', '0.2', '0.5', '1', '0', '0.4', '1']","['Egotistical', 'Ambitious', 'Imperious']",<Classes.classes.<locals>.Char object at 0x000002C322E94490>,[],0
211,The Confederation of Cheese,"(178, 1)","[(178, 1)]","['0', '0.4', '0.2', '0.5', '1', '0', '0.7', '0.2', '1', '0', '0.3', '1']","['Imperious', 'Pragmatic', 'Imperious']",<Classes.classes.<locals>.Char object at 0x000002C322E943D0>,[],0
212,The Empire of Apple,"(204, 182)","[(204, 182)]","['0', '0.4', '0.2', '0.5', '1', '0', '0.7', '0.2', '1', '0', '0.3', '1']","['Conservative', 'Ambitious', 'Competent']",<Classes.classes.<locals>.Char object at 0x000002C322E94650>,[],0
213,The Union of Cheese,"(145, 49)","[(145, 49)]","['0', '0.3', '1', '0.5', '0', '0.7', '0.2', '0.5', '1', '0', '0.4', '1']","['Egotistical', 'Conservative', 'Conservative']",<Classes.classes.<locals>.Char object at 0x000002C322E94590>,[],0
214,The Union of Apple,"(190, 122)","[(190, 122)]","['0', '1', '0.4', '0.7', '0.3', '0.5', '0.5', '0.3', '1', '0.1', '0.8', '1']","['Pragmatic', 'Schemer', 'Pragmatic']",<Classes.classes.<locals>.Char object at 0x000002C322E95690>,[],0
215,The Archduchy of Cheese,"(75, 231)","[(75, 231)]","['0', '0.7', '0.1', '1', '0.4', '0.3', '0.7', '0.6', '1', '0', '0.5', '1']","['Egotistical', 'Conservative', 'Competent']",<Classes.classes.<locals>.Char object at 0x000002C322E20C10>,[],0
216,The Archduchy of Cheese,"(83, 60)","[(83, 60)]","['0', '0.3', '1', '0.5', '0', '0.7', '0.2', '0.5', '1', '0', '0.4', '1']","['Ambitious', 'Egotistical', 'Competent']",<Classes.classes.<locals>.Char object at 0x000002C322E94250>,[],0
217,The Alliance of Apple,"(36, 212)","[(36, 212)]","['0', '1', '0.5', '0.6', '0.4', '0.6', '0.5', '0.4', '0.5', '0.1', '1', '1']","['Content', 'Content', 'Schemer']",<Classes.classes.<locals>.Char object at 0x000002C322E94150>,[],0
218,The Empire of Apple,"(182, 221)","[(182, 221)]","['0', '0.4', '0.2', '0.5', '1', '0', '0.7', '0.2', '1', '0', '0.3', '1']","['Reformist', 'Incompetent', 'Imperious']",<Classes.classes.<locals>.Char object at 0x000002C322E94190>,[],0
219,The Duchy of Apple,"(236, 117)","[(236, 117)]","['0', '0.7', '0.1', '1', '0.4', '0.3', '0.7', '0.6', '1', '0', '0.5', '1']","['Incompetent', 'Imperious', 'Imperious']",<Classes.classes.<locals>.Char object at 0x000002C322E971D0>,[],0
220,The Empire of Cheese,"(64, 116)","[(64, 116)]","['0', '0.3', '1', '0.5', '0', '0.7', '0.2', '0.5', '1', '0', '0.4', '1']","['Schemer', 'Schemer', 'Egotistical']",<Classes.classes.<locals>.Char object at 0x000002C322E95A90>,[],0
221,The Alliance of Cheese,"(221, 179)","[(221, 179)]","['0', '0.4', '0.2', '0.5', '1', '0', '0.7', '0.2', '1', '0', '0.3', '1']","['Reformist', 'Competent', 'Content']",<Classes.classes.<locals>.Char object at 0x000002C322EA43D0>,[],0
222,The Princedom of Cheese,"(233, 102)","[(233, 102)]","['0', '1', '0.5', '0.6', '0.4', '0.6', '0.5', '0.4', '0.5', '0.1', '1', '1']","['Competent', 'Ambitious', 'Conservative']",<Classes.classes.<locals>.Char object at 0x000002C322EA4450>,[],0
223,The Archduchy of Cheese,"(42, 11)","[(42, 11)]","['0', '0.7', '0.2', '1', '0.6', '0.4', '1', '0.6', '0', '0.4', '0.7', '1']","['Content', 'Competent', 'Conservative']",<Classes.classes.<locals>.Char object at 0x000002C322EA4550>,[],0
224,The Alliance of Apple,"(79, 167)","[(79, 167)]","['0', '0.7', '0.1', '1', '0.4', '0.3', '0.7', '0.6', '1', '0', '0.5', '1']","['Schemer', 'Competent', 'Incompetent']",<Classes.classes.<locals>.Char object at 0x000002C322EA4390>,[],0
225,The Confederation of Cheese,"(184, 20)","[(184, 20)]","['0', '0.4', '0.2', '0.5', '1', '0', '0.7', '0.2', '1', '0', '0.3', '1']","['Pragmatic', 'Pragmatic', 'Imperious']",<Classes.classes.<locals>.Char object at 0x000002C322EA4790>,[],0
226,The Princedom of Apple,"(118, 108)","[(118, 108)]","['0', '1', '0.5', '0.6', '0.4', '0.6', '0.5', '0.4', '0.5', '0.1', '1', '1']","['Egotistical', 'Schemer', 'Incompetent']",<Classes.classes.<locals>.Char object at 0x000002C322EA4D10>,[],0
227,The Princedom of Apple,"(114, 67)","[(114, 67)]","['0', '0.4', '0.2', '0.5', '1', '0', '0.7', '0.2', '1', '0', '0.3', '1']","['Conservative', 'Incompetent', 'Ambitious']",<Classes.classes.<locals>.Char object at 0x000002C322EA5690>,[],0
228,The Princedom of Cheese,"(140, 20)","[(140, 20)]","['0', '0.4', '0.2', '0.5', '1', '0', '0.7', '0.2', '1', '0', '0.3', '1']","['Conservative', 'Schemer', 'Pragmatic']",<Classes.classes.<locals>.Char object at 0x000002C322EA4690>,[],0
229,The Confederation of Apple,"(99, 233)","[(99, 233)]","['0', '1', '0.5', '0.6', '0.4', '0.6', '0.5', '0.4', '0.5', '0.1', '1', '1']","['Incompetent', 'Competent', 'Ambitious']",<Classes.classes.<locals>.Char object at 0x000002C322EA5BD0>,[],0
230,The Empire of Cheese,"(99, 74)","[(99, 74)]","['0', '0.4', '0.2', '0.5', '1', '0', '0.7', '0.2', '1', '0', '0.3', '1']","['Competent', 'Ambitious', 'Reformist']",<Classes.classes.<locals>.Char object at 0x000002C322E37FD0>,[],0
231,The Confederation of Apple,"(127, 52)","[(127, 52)]","['0', '0.3', '1', '0.5', '0', '0.7', '0.2', '0.5', '1', '0', '0.4', '1']","['Competent', 'Egotistical', 'Conservative']",<Classes.classes.<locals>.Char object at 0x000002C322E4ABD0>,[],0
232,The Confederation of Cheese,"(16, 49)","[(16, 49)]","['0', '0.4', '0.2', '0.5', '1', '0', '0.7', '0.2', '1', '0', '0.3', '1']","['Egotistical', 'Competent', 'Pragmatic']",<Classes.classes.<locals>.Char object at 0x000002C322EA7290>,[],0
233,The Princedom of Apple,"(175, 107)","[(175, 107)]","['0', '1', '0.4', '0.7', '0.3', '0.5', '0.5', '0.3', '1', '0.1', '0.8', '1']","['Competent', 'Conservative', 'Competent']",<Classes.classes.<locals>.Char object at 0x000002C322EA7750>,[],0
234,The Alliance of Cheese,"(100, 248)","[(100, 248)]","['0', '0.5', '0.5', '0.4', '0.2', '1', '0.3', '0.1', '1', '0', '0.8', '1']","['Imperious', 'Conservative', 'Conservative']",<Classes.classes.<locals>.Char object at 0x000002C322EA6490>,[],0
235,The Duchy of Apple,"(78, 117)","[(78, 117)]","['0', '0.7', '0.1', '1', '0.4', '0.3', '0.7', '0.6', '1', '0', '0.5', '1']","['Content', 'Ambitious', 'Competent']",<Classes.classes.<locals>.Char object at 0x000002C322EA86D0>,[],0
236,The Empire of Apple,"(222, 8)","[(222, 8)]","['0', '0.4', '0.2', '0.5', '1', '0', '0.7', '0.2', '1', '0', '0.3', '1']","['Pragmatic', 'Competent', 'Conservative']",<Classes.classes.<locals>.Char object at 0x000002C322EA8790>,[],0
237,The Union of Cheese,"(88, 139)","[(88, 139)]","['0', '0.3', '1', '0.5', '0', '0.7', '0.2', '0.5', '1', '0', '0.4', '1']","['Imperious', 'Imperious', 'Pragmatic']",<Classes.classes.<locals>.Char object at 0x000002C322EA8650>,[],0
238,The Princedom of Apple,"(95, 230)","[(95, 230)]","['0', '0.7', '0.1', '1', '0.4', '0.3', '0.7', '0.6', '1', '0', '0.5', '1']","['Reformist', 'Content', 'Incompetent']",<Classes.classes.<locals>.Char object at 0x000002C322EA8890>,[],0
239,The Kingdom of Apple,"(97, 33)","[(97, 33)]","['0', '0.5', '0.5', '0.4', '0.2', '1', '0.3', '0.1', '1', '0', '0.8', '1']","['Egotistical', 'Reformist', 'Conservative']",<Classes.classes.<locals>.Char object at 0x000002C322EA8810>,[],0
240,The Archduchy of Cheese,"(106, 13)","[(106, 13)]","['0', '1', '0.5', '0.6', '0.4', '0.6', '0.5', '0.4', '0.5', '0.1', '1', '1']","['Imperious', 'Egotistical', 'Pragmatic']",<Classes.classes.<locals>.Char object at 0x000002C322EA8990>,[],0
241,The Princedom of Apple,"(62, 188)","[(62, 188)]","['0', '0.4', '0.2', '0.5', '1', '0', '0.7', '0.2', '1', '0', '0.3', '1']","['Imperious', 'Ambitious', 'Ambitious']",<Classes.classes.<locals>.Char object at 0x000002C322EA8910>,[],0
242,The Federation of Cheese,"(226, 20)","[(226, 20)]","['0', '0.4', '0.2', '0.5', '1', '0', '0.7', '0.2', '1', '0', '0.3', '1']","['Competent', 'Content', 'Reformist']",<Classes.classes.<locals>.Char object at 0x000002C322EA9350>,[],0
243,The Alliance of Apple,"(41, 81)","[(41, 81)]","['0', '0.7', '0.2', '1', '0.6', '0.4', '1', '0.6', '0', '0.4', '0.7', '1']","['Content', 'Pragmatic', 'Reformist']",<Classes.classes.<locals>.Char object at 0x000002C322EA8850>,[],0
244,The Federation of Cheese,"(246, 185)","[(246, 185)]","['0', '0.4', '0.2', '0.5', '1', '0', '0.7', '0.2', '1', '0', '0.3', '1']","['Ambitious', 'Pragmatic', 'Pragmatic']",<Classes.classes.<locals>.Char object at 0x000002C322E34390>,[],0
245,The Alliance of Apple,"(62, 203)","[(62, 203)]","['0', '0.7', '0.2', '1', '0.6', '0.4', '1', '0.6', '0', '0.4', '0.7', '1']","['Pragmatic', 'Competent', 'Ambitious']",<Classes.classes.<locals>.Char object at 0x000002C322EAA210>,[],0
246,The Alliance of Apple,"(171, 200)","[(171, 200)]","['0', '0.3', '1', '0.5', '0', '0.7', '0.2', '0.5', '1', '0', '0.4', '1']","['Reformist', 'Ambitious', 'Incompetent']",<Classes.classes.<locals>.Char object at 0x000002C322EA8550>,[],0
247,The Princedom of Cheese,"(141, 212)","[(141, 212)]","['0', '0.4', '0.2', '0.5', '1', '0', '0.7', '0.2', '1', '0', '0.3', '1']","['Competent', 'Content', 'Incompetent']",<Classes.classes.<locals>.Char object at 0x000002C322EAA810>,[],0
248,The Duchy of Cheese,"(144, 230)","[(144, 230)]","['0', '0.4', '0.2', '0.5', '1', '0', '0.7', '0.2', '1', '0', '0.3', '1']","['Imperious', 'Reformist', 'Reformist']",<Classes.classes.<locals>.Char object at 0x000002C322EABA10>,[],0
249,The Union of Cheese,"(193, 140)","[(193, 140)]","['0', '0.7', '0.2', '1', '0.6', '0.4', '1', '0.6', '0', '0.4', '0.7', '1']","['Schemer', 'Pragmatic', 'Conservative']",<Classes.classes.<locals>.Char object at 0x000002C322EB8250>,[],0
250,The Princedom of Cheese,"(144, 146)","[(144, 146)]","['0', '1', '0.4', '0.7', '0.3', '0.5', '0.5', '0.3', '1', '0.1', '0.8', '1']","['Egotistical', 'Pragmatic', 'Schemer']",<Classes.classes.<locals>.Char object at 0x000002C322EB8110>,[],0
251,The Union of Cheese,"(121, 155)","[(121, 155)]","['0', '0.5', '0.5', '0.4', '0.2', '1', '0.3', '0.1', '1', '0', '0.8', '1']","['Schemer', 'Conservative', 'Incompetent']",<Classes.classes.<locals>.Char object at 0x000002C322EB82D0>,[],0
252,The Alliance of Cheese,"(183, 233)","[(183, 233)]","['0', '1', '0.5', '0.6', '0.4', '0.6', '0.5', '0.4', '0.5', '0.1', '1', '1']","['Incompetent', 'Imperious', 'Schemer']",<Classes.classes.<locals>.Char object at 0x000002C322EB8490>,[],0
253,The Federation of Cheese,"(107, 91)","[(107, 91)]","['0', '0.3', '1', '0.5', '0', '0.7', '0.2', '0.5', '1', '0', '0.4', '1']","['Reformist', 'Reformist', 'Schemer']",<Classes.classes.<locals>.Char object at 0x000002C322EB8650>,[],0
254,The Archduchy of Cheese,"(107, 157)","[(107, 157)]","['0', '0.7', '0.1', '1', '0.4', '0.3', '0.7', '0.6', '1', '0', '0.5', '1']","['Schemer', 'Pragmatic', 'Ambitious']",<Classes.classes.<locals>.Char object at 0x000002C322EB8F90>,[],0
255,The Union of Apple,"(86, 48)","[(86, 48)]","['0', '0.5', '0.5', '0.4', '0.2', '1', '0.3', '0.1', '1', '0', '0.8', '1']","['Ambitious', 'Ambitious', 'Conservative']",<Classes.classes.<locals>.Char object at 0x000002C322EB9190>,[],0
256,The Archduchy of Cheese,"(70, 234)","[(70, 234)]","['0', '0.7', '0.2', '1', '0.6', '0.4', '1', '0.6', '0', '0.4', '0.7', '1']","['Conservative', 'Schemer', 'Imperious']",<Classes.classes.<locals>.Char object at 0x000002C322EB9A50>,[],0
257,The Alliance of Apple,"(185, 78)","[(185, 78)]","['0', '0.4', '0.2', '0.5', '1', '0', '0.7', '0.2', '1', '0', '0.3', '1']","['Pragmatic', 'Imperious', 'Imperious']",<Classes.classes.<locals>.Char object at 0x000002C322EB8290>,[],0
258,The Princedom of Apple,"(205, 53)","[(205, 53)]","['0', '0.5', '0.5', '0.4', '0.2', '1', '0.3', '0.1', '1', '0', '0.8', '1']","['Reformist', 'Incompetent', 'Content']",<Classes.classes.<locals>.Char object at 0x000002C322EBA510>,[],0
259,The Kingdom of Cheese,"(111, 137)","[(111, 137)]","['0', '0.3', '1', '0.5', '0', '0.7', '0.2', '0.5', '1', '0', '0.4', '1']","['Egotistical', 'Competent', 'Competent']",<Classes.classes.<locals>.Char object at 0x000002C322EB9450>,[],0
260,The Archduchy of Cheese,"(136, 216)","[(136, 216)]","['0', '0.7', '0.2', '1', '0.6', '0.4', '1', '0.6', '0', '0.4', '0.7', '1']","['Ambitious', 'Schemer', 'Reformist']",<Classes.classes.<locals>.Char object at 0x000002C322EB9150>,[],0
261,The Kingdom of Apple,"(230, 221)","[(230, 221)]","['0', '1', '0.5', '0.6', '0.4', '0.6', '0.5', '0.4', '0.5', '0.1', '1', '1']","['Incompetent', 'Competent', 'Conservative']",<Classes.classes.<locals>.Char object at 0x000002C322EBB350>,[],0
262,The Union of Apple,"(80, 218)","[(80, 218)]","['0', '0.4', '0.2', '0.5', '1', '0', '0.7', '0.2', '1', '0', '0.3', '1']","['Pragmatic', 'Conservative', 'Pragmatic']",<Classes.classes.<locals>.Char object at 0x000002C322EC0810>,[],0
263,The Archduchy of Apple,"(235, 225)","[(235, 225)]","['0', '0.4', '0.2', '0.5', '1', '0', '0.7', '0.2', '1', '0', '0.3', '1']","['Reformist', 'Reformist', 'Conservative']",<Classes.classes.<locals>.Char object at 0x000002C322EC0690>,[],0
264,The Union of Cheese,"(25, 58)","[(25, 58)]","['0', '0.5', '0.5', '0.4', '0.2', '1', '0.3', '0.1', '1', '0', '0.8', '1']","['Reformist', 'Schemer', 'Pragmatic']",<Classes.classes.<locals>.Char object at 0x000002C322EC07D0>,[],0
265,The Alliance of Apple,"(237, 119)","[(237, 119)]","['0', '0.4', '0.2', '0.5', '1', '0', '0.7', '0.2', '1', '0', '0.3', '1']","['Pragmatic', 'Pragmatic', 'Competent']",<Classes.classes.<locals>.Char object at 0x000002C322EC0610>,[],0
266,The Princedom of Apple,"(103, 35)","[(103, 35)]","['0', '0.3', '1', '0.5', '0', '0.7', '0.2', '0.5', '1', '0', '0.4', '1']","['Content', 'Ambitious', 'Reformist']",<Classes.classes.<locals>.Char object at 0x000002C322EC0910>,[],0
267,The Princedom of Apple,"(38, 174)","[(38, 174)]","['0', '1', '0.5', '0.6', '0.4', '0.6', '0.5', '0.4', '0.5', '0.1', '1', '1']","['Incompetent', 'Reformist', 'Incompetent']",<Classes.classes.<locals>.Char object at 0x000002C322EC0750>,[],0
268,The Union of Apple,"(109, 80)","[(109, 80)]","['0', '1', '0.4', '0.7', '0.3', '0.5', '0.5', '0.3', '1', '0.1', '0.8', '1']","['Content', 'Conservative', 'Incompetent']",<Classes.classes.<locals>.Char object at 0x000002C322EC0E90>,[],0
269,The Confederation of Apple,"(24, 160)","[(24, 160)]","['0', '0.5', '0.5', '0.4', '0.2', '1', '0.3', '0.1', '1', '0', '0.8', '1']","['Reformist', 'Competent', 'Egotistical']",<Classes.classes.<locals>.Char object at 0x000002C322E68D50>,[],0
270,The Confederation of Apple,"(188, 62)","[(188, 62)]","['0', '1', '0.5', '0.6', '0.4', '0.6', '0.5', '0.4', '0.5', '0.1', '1', '1']","['Competent', 'Egotistical', 'Egotistical']",<Classes.classes.<locals>.Char object at 0x000002C322EC0490>,[],0
271,The Federation of Cheese,"(234, 32)","[(234, 32)]","['0', '0.7', '0.1', '1', '0.4', '0.3', '0.7', '0.6', '1', '0', '0.5', '1']","['Schemer', 'Competent', 'Imperious']",<Classes.classes.<locals>.Char object at 0x000002C322EC1010>,[],0
272,The Empire of Apple,"(207, 73)","[(207, 73)]","['0', '0.5', '0.5', '0.4', '0.2', '1', '0.3', '0.1', '1', '0', '0.8', '1']","['Pragmatic', 'Incompetent', 'Imperious']",<Classes.classes.<locals>.Char object at 0x000002C322EC3290>,[],0
273,The Archduchy of Cheese,"(14, 235)","[(14, 235)]","['0', '0.5', '0.5', '0.4', '0.2', '1', '0.3', '0.1', '1', '0', '0.8', '1']","['Egotistical', 'Competent', 'Pragmatic']",<Classes.classes.<locals>.Char object at 0x000002C322EC1350>,[],0
274,The Archduchy of Apple,"(224, 168)","[(224, 168)]","['0', '1', '0.4', '0.7', '0.3', '0.5', '0.5', '0.3', '1', '0.1', '0.8', '1']","['Egotistical', 'Conservative', 'Egotistical']",<Classes.classes.<locals>.Char object at 0x000002C322EC2F10>,[],0
275,The Union of Apple,"(209, 126)","[(209, 126)]","['0', '0.5', '0.5', '0.4', '0.2', '1', '0.3', '0.1', '1', '0', '0.8', '1']","['Imperious', 'Reformist', 'Content']",<Classes.classes.<locals>.Char object at 0x000002C322EC37D0>,[],0
276,The Empire of Cheese,"(18, 214)","[(18, 214)]","['0', '0.4', '0.2', '0.5', '1', '0', '0.7', '0.2', '1', '0', '0.3', '1']","['Competent', 'Content', 'Competent']",<Classes.classes.<locals>.Char object at 0x000002C322EC80D0>,[],0
277,The Archduchy of Cheese,"(15, 67)","[(15, 67)]","['0', '1', '0.5', '0.6', '0.4', '0.6', '0.5', '0.4', '0.5', '0.1', '1', '1']","['Reformist', 'Egotistical', 'Egotistical']",<Classes.classes.<locals>.Char object at 0x000002C322EC81D0>,[],0
278,The Confederation of Cheese,"(162, 92)","[(162, 92)]","['0', '0.4', '0.2', '0.5', '1', '0', '0.7', '0.2', '1', '0', '0.3', '1']","['Imperious', 'Competent', 'Egotistical']",<Classes.classes.<locals>.Char object at 0x000002C322EC8090>,[],0
279,The Federation of Apple,"(219, 22)","[(219, 22)]","['0', '1', '0.5', '0.6', '0.4', '0.6', '0.5', '0.4', '0.5', '0.1', '1', '1']","['Schemer', 'Conservative', 'Competent']",<Classes.classes.<locals>.Char object at 0x000002C322EC82D0>,[],0
280,The Union of Apple,"(79, 167)","[(79, 167)]","['0', '0.5', '0.5', '0.4', '0.2', '1', '0.3', '0.1', '1', '0', '0.8', '1']","['Imperious', 'Pragmatic', 'Competent']",<Classes.classes.<locals>.Char object at 0x000002C322EA4CD0>,[],0
281,The Empire of Apple,"(30, 227)","[(30, 227)]","['0', '0.3', '1', '0.5', '0', '0.7', '0.2', '0.5', '1', '0', '0.4', '1']","['Conservative', 'Ambitious', 'Incompetent']",<Classes.classes.<locals>.Char object at 0x000002C322EC8050>,[],0
282,The Princedom of Apple,"(13, 22)","[(13, 22)]","['0', '0.3', '1', '0.5', '0', '0.7', '0.2', '0.5', '1', '0', '0.4', '1']","['Pragmatic', 'Conservative', 'Competent']",<Classes.classes.<locals>.Char object at 0x000002C322EC9D50>,[],0
283,The Confederation of Apple,"(146, 60)","[(146, 60)]","['0', '0.3', '1', '0.5', '0', '0.7', '0.2', '0.5', '1', '0', '0.4', '1']","['Content', 'Egotistical', 'Incompetent']",<Classes.classes.<locals>.Char object at 0x000002C322EC9050>,[],0
284,The Union of Apple,"(13, 229)","[(13, 229)]","['0', '1', '0.5', '0.6', '0.4', '0.6', '0.5', '0.4', '0.5', '0.1', '1', '1']","['Content', 'Ambitious', 'Incompetent']",<Classes.classes.<locals>.Char object at 0x000002C322E19B50>,[],0
285,The Confederation of Apple,"(100, 20)","[(100, 20)]","['0', '0.3', '1', '0.5', '0', '0.7', '0.2', '0.5', '1', '0', '0.4', '1']","['Egotistical', 'Incompetent', 'Incompetent']",<Classes.classes.<locals>.Char object at 0x000002C322E237D0>,[],0
286,The Union of Apple,"(154, 162)","[(154, 162)]","['0', '0.7', '0.2', '1', '0.6', '0.4', '1', '0.6', '0', '0.4', '0.7', '1']","['Reformist', 'Reformist', 'Ambitious']",<Classes.classes.<locals>.Char object at 0x000002C322ECA190>,[],0
287,The Kingdom of Cheese,"(20, 152)","[(20, 152)]","['0', '0.3', '1', '0.5', '0', '0.7', '0.2', '0.5', '1', '0', '0.4', '1']","['Competent', 'Egotistical', 'Pragmatic']",<Classes.classes.<locals>.Char object at 0x000002C322ECA150>,[],0
288,The Empire of Cheese,"(108, 126)","[(108, 126)]","['0', '0.7', '0.1', '1', '0.4', '0.3', '0.7', '0.6', '1', '0', '0.5', '1']","['Egotistical', 'Ambitious', 'Ambitious']",<Classes.classes.<locals>.Char object at 0x000002C322ECB550>,[],0
289,The Confederation of Apple,"(179, 200)","[(179, 200)]","['0', '1', '0.4', '0.7', '0.3', '0.5', '0.5', '0.3', '1', '0.1', '0.8', '1']","['Conservative', 'Schemer', 'Conservative']",<Classes.classes.<locals>.Char object at 0x000002C322ECBC10>,[],0
290,The Federation of Cheese,"(16, 49)","[(16, 49)]","['0', '0.4', '0.2', '0.5', '1', '0', '0.7', '0.2', '1', '0', '0.3', '1']","['Pragmatic', 'Ambitious', 'Competent']",<Classes.classes.<locals>.Char object at 0x000002C322EA5290>,[],0
291,The Kingdom of Cheese,"(148, 133)","[(148, 133)]","['0', '0.7', '0.2', '1', '0.6', '0.4', '1', '0.6', '0', '0.4', '0.7', '1']","['Ambitious', 'Schemer', 'Incompetent']",<Classes.classes.<locals>.Char object at 0x000002C322ED4A50>,[],0
292,The Archduchy of Cheese,"(194, 100)","[(194, 100)]","['0', '0.3', '1', '0.5', '0', '0.7', '0.2', '0.5', '1', '0', '0.4', '1']","['Pragmatic', 'Incompetent', 'Incompetent']",<Classes.classes.<locals>.Char object at 0x000002C322ED4990>,[],0
293,The Union of Cheese,"(131, 157)","[(131, 157)]","['0', '0.7', '0.2', '1', '0.6', '0.4', '1', '0.6', '0', '0.4', '0.7', '1']","['Incompetent', 'Content', 'Pragmatic']",<Classes.classes.<locals>.Char object at 0x000002C322ED4110>,[],0
294,The Princedom of Apple,"(17, 118)","[(17, 118)]","['0', '0.4', '0.2', '0.5', '1', '0', '0.7', '0.2', '1', '0', '0.3', '1']","['Schemer', 'Conservative', 'Pragmatic']",<Classes.classes.<locals>.Char object at 0x000002C322ED4950>,[],0
295,The Alliance of Apple,"(107, 246)","[(107, 246)]","['0', '0.7', '0.1', '1', '0.4', '0.3', '0.7', '0.6', '1', '0', '0.5', '1']","['Reformist', 'Egotistical', 'Ambitious']",<Classes.classes.<locals>.Char object at 0x000002C322E41250>,[],0
296,The Empire of Apple,"(188, 158)","[(188, 158)]","['0', '0.7', '0.2', '1', '0.6', '0.4', '1', '0.6', '0', '0.4', '0.7', '1']","['Conservative', 'Reformist', 'Reformist']",<Classes.classes.<locals>.Char object at 0x000002C322ED4250>,[],0
297,The Empire of Apple,"(31, 47)","[(31, 47)]","['0', '0.5', '0.5', '0.4', '0.2', '1', '0.3', '0.1', '1', '0', '0.8', '1']","['Competent', 'Ambitious', 'Incompetent']",<Classes.classes.<locals>.Char object at 0x000002C322ED6190>,[],0
298,The Federation of Apple,"(178, 47)","[(178, 47)]","['0', '0.5', '0.5', '0.4', '0.2', '1', '0.3', '0.1', '1', '0', '0.8', '1']","['Ambitious', 'Ambitious', 'Incompetent']",<Classes.classes.<locals>.Char object at 0x000002C322ED4910>,[],0
299,The Kingdom of Cheese,"(15, 24)","[(15, 24)]","['0', '1', '0.4', '0.7', '0.3', '0.5', '0.5', '0.3', '1', '0.1', '0.8', '1']","['Pragmatic', 'Egotistical', 'Competent']",<Classes.classes.<locals>.Char object at 0x000002C322ED6390>,[],0
300,The Alliance of Cheese,"(215, 241)","[(215, 241)]","['0', '0.7', '0.2', '1', '0.6', '0.4', '1', '0.6', '0', '0.4', '0.7', '1']","['Imperious', 'Schemer', 'Egotistical']",<Classes.classes.<locals>.Char object at 0x000002C322ED71D0>,[],0
301,The Kingdom of Apple,"(224, 168)","[(224, 168)]","['0', '1', '0.5', '0.6', '0.4', '0.6', '0.5', '0.4', '0.5', '0.1', '1', '1']","['Egotistical', 'Competent', 'Reformist']",<Classes.classes.<locals>.Char object at 0x000002C322ED6550>,[],0
302,The Archduchy of Apple,"(197, 233)","[(197, 233)]","['0', '0.3', '1', '0.5', '0', '0.7', '0.2', '0.5', '1', '0', '0.4', '1']","['Reformist', 'Egotistical', 'Content']",<Classes.classes.<locals>.Char object at 0x000002C322ED6510>,[],0
303,The Federation of Cheese,"(150, 146)","[(150, 146)]","['0', '0.4', '0.2', '0.5', '1', '0', '0.7', '0.2', '1', '0', '0.3', '1']","['Schemer', 'Pragmatic', 'Conservative']",<Classes.classes.<locals>.Char object at 0x000002C322ED7950>,[],0
304,The Archduchy of Apple,"(49, 188)","[(49, 188)]","['0', '0.7', '0.2', '1', '0.6', '0.4', '1', '0.6', '0', '0.4', '0.7', '1']","['Egotistical', 'Reformist', 'Reformist']",<Classes.classes.<locals>.Char object at 0x000002C322EE0150>,[],0
305,The Union of Cheese,"(47, 238)","[(47, 238)]","['0', '0.5', '0.5', '0.4', '0.2', '1', '0.3', '0.1', '1', '0', '0.8', '1']","['Ambitious', 'Egotistical', 'Imperious']",<Classes.classes.<locals>.Char object at 0x000002C322EE0090>,[],0
306,The Federation of Apple,"(142, 182)","[(142, 182)]","['0', '0.5', '0.5', '0.4', '0.2', '1', '0.3', '0.1', '1', '0', '0.8', '1']","['Pragmatic', 'Reformist', 'Pragmatic']",<Classes.classes.<locals>.Char object at 0x000002C322EE0B50>,[],0
307,The Archduchy of Apple,"(222, 65)","[(222, 65)]","['0', '0.3', '1', '0.5', '0', '0.7', '0.2', '0.5', '1', '0', '0.4', '1']","['Content', 'Reformist', 'Egotistical']",<Classes.classes.<locals>.Char object at 0x000002C322EE0410>,[],0
308,The Archduchy of Apple,"(220, 152)","[(220, 152)]","['0', '0.7', '0.2', '1', '0.6', '0.4', '1', '0.6', '0', '0.4', '0.7', '1']","['Pragmatic', 'Incompetent', 'Imperious']",<Classes.classes.<locals>.Char object at 0x000002C322EE0550>,[],0
309,The Empire of Cheese,"(144, 159)","[(144, 159)]","['0', '0.7', '0.1', '1', '0.4', '0.3', '0.7', '0.6', '1', '0', '0.5', '1']","['Reformist', 'Competent', 'Incompetent']",<Classes.classes.<locals>.Char object at 0x000002C322EE00D0>,[],0
310,The Confederation of Apple,"(10, 138)","[(10, 138)]","['0', '0.7', '0.2', '1', '0.6', '0.4', '1', '0.6', '0', '0.4', '0.7', '1']","['Schemer', 'Conservative', 'Competent']",<Classes.classes.<locals>.Char object at 0x000002C322EE0590>,[],0
311,The Kingdom of Apple,"(102, 169)","[(102, 169)]","['0', '1', '0.5', '0.6', '0.4', '0.6', '0.5', '0.4', '0.5', '0.1', '1', '1']","['Ambitious', 'Egotistical', 'Pragmatic']",<Classes.classes.<locals>.Char object at 0x000002C322EE0F10>,[],0
